This is XeTeX, Version 3.141592653-2.6-0.999998 (TeX Live 2026) (preloaded format=xelatex 2026.4.2)  20 AUG 2026 22:59
entering extended mode
 \write18 enabled.
 file:line:error style messages enabled.
 %&-line parsing enabled.
**myst.tex
(./myst.tex
LaTeX2e <2025-11-01>
L3 programming layer <2026-03-20>
(./FrontiersinHarvard.cls
Document Class: FrontiersinHarvard 2016/11/10 2.6
(/usr/local/texlive/2026/texmf-dist/tex/latex/base/inputenc.sty
Package: inputenc 2024/02/08 v1.3d Input encoding file
\inpenc@prehook=\toks17
\inpenc@posthook=\toks18

Package inputenc Warning: inputenc package ignored with utf8 based engines.

) (/usr/local/texlive/2026/texmf-dist/tex/latex/crop/crop.sty
Package: crop 2017/11/19 1.10 crop marks (mf)
(/usr/local/texlive/2026/texmf-dist/tex/generic/iftex/ifluatex.sty
Package: ifluatex 2019/10/25 v1.5 ifluatex legacy package. Use iftex instead.
(/usr/local/texlive/2026/texmf-dist/tex/generic/iftex/iftex.sty
Package: iftex 2024/12/12 v1.0g TeX engine tests
))
\CROP@index=\count271
(/usr/local/texlive/2026/texmf-dist/tex/latex/graphics/color.sty
Package: color 2025/01/14 v1.3e Standard LaTeX Color (DPC)
(/usr/local/texlive/2026/texmf-dist/tex/latex/graphics-cfg/color.cfg
File: color.cfg 2016/01/02 v1.6 sample color configuration
)
Package color Info: Driver file: xetex.def on input line 149.
(/usr/local/texlive/2026/texmf-dist/tex/latex/graphics-def/xetex.def
File: xetex.def 2025/11/01 v5.0p Graphics/color driver for xetex
) (/usr/local/texlive/2026/texmf-dist/tex/latex/graphics/mathcolor.ltx)) (/usr/
local/texlive/2026/texmf-dist/tex/latex/graphics/graphics.sty
Package: graphics 2024/08/06 v1.4g Standard LaTeX Graphics (DPC,SPQR)
(/usr/local/texlive/2026/texmf-dist/tex/latex/graphics/trig.sty
Package: trig 2023/12/02 v1.11 sin cos tan (DPC)
) (/usr/local/texlive/2026/texmf-dist/tex/latex/graphics-cfg/graphics.cfg
File: graphics.cfg 2016/06/04 v1.11 sample graphics configuration
)
Package graphics Info: Driver file: xetex.def on input line 106.
)
\CROP@offset=\count272
Package crop Info: Local config file crop.cfg used on input line 622.
(/usr/local/texlive/2026/texmf-dist/tex/xelatex/xetexconfig/crop.cfg))
==> First Aid for crop.sty applied!
(/usr/local/texlive/2026/texmf-dist/tex/latex/graphics/graphicx.sty
Package: graphicx 2024/12/31 v1.2e Enhanced LaTeX Graphics (DPC,SPQR)
(/usr/local/texlive/2026/texmf-dist/tex/latex/graphics/keyval.sty
Package: keyval 2022/05/29 v1.15 key=value parser (DPC)
\KV@toks@=\toks19
)
\Gin@req@height=\dimen150
\Gin@req@width=\dimen151
) (/usr/local/texlive/2026/texmf-dist/tex/latex/amsmath/amsmath.sty
Package: amsmath 2025/07/09 v2.17z AMS math features
\@mathmargin=\skip49
For additional information on amsmath, use the `?' option.
(/usr/local/texlive/2026/texmf-dist/tex/latex/amsmath/amstext.sty
Package: amstext 2024/11/17 v2.01 AMS text
(/usr/local/texlive/2026/texmf-dist/tex/latex/amsmath/amsgen.sty
File: amsgen.sty 1999/11/30 v2.0 generic functions
\@emptytoks=\toks20
\ex@=\dimen152
)) (/usr/local/texlive/2026/texmf-dist/tex/latex/amsmath/amsbsy.sty
Package: amsbsy 1999/11/29 v1.2d Bold Symbols
\pmbraise@=\dimen153
) (/usr/local/texlive/2026/texmf-dist/tex/latex/amsmath/amsopn.sty
Package: amsopn 2022/04/08 v2.04 operator names
)
\inf@bad=\count273
LaTeX Info: Redefining \frac on input line 233.
\uproot@=\count274
\leftroot@=\count275
LaTeX Info: Redefining \overline on input line 398.
LaTeX Info: Redefining \colon on input line 409.
\classnum@=\count276
\DOTSCASE@=\count277
LaTeX Info: Redefining \ldots on input line 495.
LaTeX Info: Redefining \dots on input line 498.
LaTeX Info: Redefining \cdots on input line 619.
\Mathstrutbox@=\box53
\strutbox@=\box54
LaTeX Info: Redefining \big on input line 721.
LaTeX Info: Redefining \Big on input line 722.
LaTeX Info: Redefining \bigg on input line 723.
LaTeX Info: Redefining \Bigg on input line 724.
\big@size=\dimen154
LaTeX Font Info:    Redeclaring font encoding OML on input line 742.
LaTeX Font Info:    Redeclaring font encoding OMS on input line 743.
\macc@depth=\count278
LaTeX Info: Redefining \bmod on input line 904.
LaTeX Info: Redefining \pmod on input line 909.
LaTeX Info: Redefining \smash on input line 939.
LaTeX Info: Redefining \relbar on input line 969.
LaTeX Info: Redefining \Relbar on input line 970.
\c@MaxMatrixCols=\count279
\dotsspace@=\muskip17
\c@parentequation=\count280
\dspbrk@lvl=\count281
\tag@help=\toks21
\row@=\count282
\column@=\count283
\maxfields@=\count284
\andhelp@=\toks22
\eqnshift@=\dimen155
\alignsep@=\dimen156
\tagshift@=\dimen157
\tagwidth@=\dimen158
\totwidth@=\dimen159
\lineht@=\dimen160
\@envbody=\toks23
\multlinegap=\skip50
\multlinetaggap=\skip51
\mathdisplay@stack=\toks24
LaTeX Info: Redefining \[ on input line 2950.
LaTeX Info: Redefining \] on input line 2951.
) (/usr/local/texlive/2026/texmf-dist/tex/latex/tools/array.sty
Package: array 2025/09/25 v2.6n Tabular extension package (FMi)
\col@sep=\dimen161
\ar@mcellbox=\box55
\extrarowheight=\dimen162
\NC@list=\toks25
\extratabsurround=\skip52
\backup@length=\skip53
\ar@cellbox=\box56
) (/usr/local/texlive/2026/texmf-dist/tex/latex/amsfonts/amssymb.sty
Package: amssymb 2013/01/14 v3.01 AMS font symbols
(/usr/local/texlive/2026/texmf-dist/tex/latex/amsfonts/amsfonts.sty
Package: amsfonts 2013/01/14 v3.01 Basic AMSFonts support
\symAMSa=\mathgroup4
\symAMSb=\mathgroup5
LaTeX Font Info:    Redeclaring math symbol \hbar on input line 98.
LaTeX Font Info:    Overwriting math alphabet `\mathfrak' in version `bold'
(Font)                  U/euf/m/n --> U/euf/b/n on input line 106.
)) (/usr/local/texlive/2026/texmf-dist/tex/latex/sttools/flushend.sty
Package: flushend 2025/06/18 v4.3 Balancing columns in twocolumn mode (ST)
\flushend@@lastskip@a=\skip54
\flushend@@lastskip@b=\skip55
\flushend@@lastnode=\count285
\var@@loop@iter=\count286
\var@@temp@spread=\dimen163
\var@@temp@a=\dimen164
\var@@temp@loop=\dimen165
\flushend@@page@rule=\dimen166
\flushend@@varbox@lastpage=\box57
\flushend@@varbox@a=\box58
\flushend@@varbox@c=\box59
\flushend@@tempbox@a=\box60
\flushend@@tempbox@c=\box61
\flushend@@floatbox=\box62
\@viper=\box63
\hold@viper=\box64
\atColsBreak=\toks26
\atColsEnd=\toks27
\oldbreak@skip=\dimen167
) (./stfloats.sty
Package: stfloats 1999/10/22
\@dblbotnum=\count287
\c@dblbotnumber=\count288
) (/usr/local/texlive/2026/texmf-dist/tex/latex/amscls/amsthm.sty
Package: amsthm 2020/05/29 v2.20.6
\thm@style=\toks28
\thm@bodyfont=\toks29
\thm@headfont=\toks30
\thm@notefont=\toks31
\thm@headpunct=\toks32
\thm@preskip=\skip56
\thm@postskip=\skip57
\thm@headsep=\skip58
\dth@everypar=\toks33
) (/usr/local/texlive/2026/texmf-dist/tex/latex/changepage/chngpage.sty
Package: chngpage 2009/10/20 v1.2b change page layout
\c@cp@cnt=\count289
\c@cp@tempcnt=\count290
) (/usr/local/texlive/2026/texmf-dist/tex/latex/psnfss/times.sty
Package: times 2020/03/25 PSNFSS-v9.3 (SPQR) 
) (/usr/local/texlive/2026/texmf-dist/tex/latex/datetime/datetime.sty
Package: datetime 2015/03/20 v2.60 Date Time Package
(/usr/local/texlive/2026/texmf-dist/tex/latex/etoolbox/etoolbox.sty
Package: etoolbox 2025/10/02 v2.5m e-TeX tools for LaTeX (JAW)
\etb@tempcnta=\count291
) (/usr/local/texlive/2026/texmf-dist/tex/latex/fmtcount/fmtcount.sty
Package: fmtcount 2025/12/02 v3.12 Displaying the values of LaTeX counters (NT,
VB,NE)
(/usr/local/texlive/2026/texmf-dist/tex/latex/base/ifthen.sty
Package: ifthen 2024/03/16 v1.1e Standard LaTeX ifthen package (DPC)
) (/usr/local/texlive/2026/texmf-dist/tex/latex/xkeyval/xkeyval.sty
Package: xkeyval 2025/11/04 v2.10 package option processing (HA)
(/usr/local/texlive/2026/texmf-dist/tex/generic/xkeyval/xkeyval.tex (/usr/local
/texlive/2026/texmf-dist/tex/generic/xkeyval/xkvutils.tex
\XKV@toks=\toks34
\XKV@tempa@toks=\toks35
\XKV@tempb@toks=\toks36
)
\XKV@depth=\count292
File: xkeyval.tex 2014/12/03 v2.7a key=value parser (HA)
)) (/usr/local/texlive/2026/texmf-dist/tex/latex/fmtcount/fcprefix.sty
Package: fcprefix 2012/09/28
(/usr/local/texlive/2026/texmf-dist/tex/latex/fmtcount/fcnumparser.sty
Package: fcnumparser 2017/06/15
\fc@digit@counter=\count293
))
\c@padzeroesN=\count294
\fc@tmpcatcode=\count295
\@DT@modctr=\count296
\@ordinalctr=\count297
\@orgargctr=\count298
\@strctr=\count299
\@tmpstrctr=\count300
\@DT@loopN=\count301
\@DT@X=\count302
) (/usr/local/texlive/2026/texmf-dist/tex/latex/datetime/datetime-defaults.sty
Package: datetime-defaults 2013/09/10
)
\@day=\count303
\@month=\count304
\@year=\count305
\c@HOUR=\count306
\c@HOURXII=\count307
\c@MINUTE=\count308
\c@TOHOUR=\count309
\c@TOMINUTE=\count310
\c@SECOND=\count311
\currenthour=\count312
\currentminute=\count313
\currentsecond=\count314
Package datetime Info: No datetime.cfg file found, using default settings on in
put line 308.
\@dtctr=\count315
\dayofyear=\count316
\dayofweek=\count317
\dt@a=\toks37
\dt@b=\toks38
) (/usr/local/texlive/2026/texmf-dist/tex/latex/epstopdf-pkg/epstopdf.sty
Package: epstopdf 2020-01-24 v2.11 Conversion with epstopdf on the fly (HO)
(/usr/local/texlive/2026/texmf-dist/tex/generic/infwarerr/infwarerr.sty
Package: infwarerr 2019/12/03 v1.5 Providing info/warning/error messages (HO)
) (/usr/local/texlive/2026/texmf-dist/tex/latex/grfext/grfext.sty
Package: grfext 2019/12/03 v1.3 Manage graphics extensions (HO)
(/usr/local/texlive/2026/texmf-dist/tex/generic/kvdefinekeys/kvdefinekeys.sty
Package: kvdefinekeys 2019-12-19 v1.6 Define keys (HO)
)) (/usr/local/texlive/2026/texmf-dist/tex/latex/kvoptions/kvoptions.sty
Package: kvoptions 2022-06-15 v3.15 Key value format for package options (HO)
(/usr/local/texlive/2026/texmf-dist/tex/generic/ltxcmds/ltxcmds.sty
Package: ltxcmds 2023-12-04 v1.26 LaTeX kernel commands for general use (HO)
) (/usr/local/texlive/2026/texmf-dist/tex/latex/kvsetkeys/kvsetkeys.sty
Package: kvsetkeys 2022-10-05 v1.19 Key value parser (HO)
)) (/usr/local/texlive/2026/texmf-dist/tex/generic/pdftexcmds/pdftexcmds.sty
Package: pdftexcmds 2020-06-27 v0.33 Utility functions of pdfTeX for LuaTeX (HO
)
Package pdftexcmds Info: \pdf@primitive is available.
Package pdftexcmds Info: \pdf@ifprimitive is available.
Package pdftexcmds Info: \pdfdraftmode not found.
) (/usr/local/texlive/2026/texmf-dist/tex/latex/epstopdf-pkg/epstopdf-base.sty
Package: epstopdf-base 2020-01-24 v2.11 Base part for package epstopdf

Package epstopdf Warning: Drivers other than `pdftex' and `luatex' are not supp
orted.

)) (/usr/local/texlive/2026/texmf-dist/tex/latex/parskip/parskip.sty
Rollback for package 'parskip' requested -> version 'v1'.
         This corresponds to the release introduced on 2001-04-09.
(/usr/local/texlive/2026/texmf-dist/tex/latex/parskip/parskip-2001-04-09.sty
Package: parskip 2001/04/09 non-zero parskip adjustments
)) (/usr/local/texlive/2026/texmf-dist/tex/latex/xcolor/xcolor.sty
Package: xcolor 2024/09/29 v3.02 LaTeX color extensions (UK)
(/usr/local/texlive/2026/texmf-dist/tex/latex/graphics-cfg/color.cfg
File: color.cfg 2016/01/02 v1.6 sample color configuration
)

Package xcolor Warning: Package option `usenames' is obsolete and ignored on in
put line 265.

Package xcolor Info: Driver file: xetex.def on input line 274.
LaTeX Info: Redefining \color on input line 762.
(/usr/local/texlive/2026/texmf-dist/tex/latex/graphics/mathcolor.ltx)
Package xcolor Info: Model `cmy' substituted by `cmy0' on input line 1349.
Package xcolor Info: Model `RGB' extended on input line 1365.
Package xcolor Info: Model `HTML' substituted by `rgb' on input line 1367.
Package xcolor Info: Model `Hsb' substituted by `hsb' on input line 1368.
Package xcolor Info: Model `tHsb' substituted by `hsb' on input line 1369.
Package xcolor Info: Model `HSB' substituted by `hsb' on input line 1370.
Package xcolor Info: Model `Gray' substituted by `gray' on input line 1371.
Package xcolor Info: Model `wave' substituted by `hsb' on input line 1372.
) (/usr/local/texlive/2026/texmf-dist/tex/latex/graphics/dvipsnam.def
File: dvipsnam.def 2016/06/17 v3.0m Driver-dependent file (DPC,SPQR)
) (/usr/local/texlive/2026/texmf-dist/tex/latex/caption/caption.sty
Package: caption 2023/08/05 v3.6o Customizing captions (AR)
(/usr/local/texlive/2026/texmf-dist/tex/latex/caption/caption3.sty
Package: caption3 2023/07/31 v2.4d caption3 kernel (AR)
\caption@tempdima=\dimen168
\captionmargin=\dimen169
\caption@leftmargin=\dimen170
\caption@rightmargin=\dimen171
\caption@width=\dimen172
\caption@indent=\dimen173
\caption@parindent=\dimen174
\caption@hangindent=\dimen175
\abovecaptionskip=\skip59
\belowcaptionskip=\skip60
Package caption Info: Document class w/o caption stuff detected.
)
\c@caption@flags=\count318
\c@continuedfloat=\count319
) (/usr/local/texlive/2026/texmf-dist/tex/latex/caption/subcaption.sty
Package: subcaption 2023/07/28 v1.6b Sub-captions (AR)
)
\c@section=\count320
\c@subsection=\count321
\c@subsubsection=\count322
\c@paragraph=\count323
\c@subparagraph=\count324
\c@figure=\count325
\c@subfigure=\count326
\c@table=\count327
\dropfromtop=\skip61
\extraspace=\skip62
\aboveskipchk=\skip63
\rotdimen=\dimen176
\tempdime=\dimen177
\temptbox=\box65
(/usr/local/texlive/2026/texmf-dist/tex/latex/natbib/natbib.sty
Package: natbib 2010/09/13 8.31b (PWD, AO)
\bibhang=\skip64
\bibsep=\skip65
LaTeX Info: Redefining \cite on input line 694.
\c@NAT@ctr=\count328
)) (/usr/local/texlive/2026/texmf-dist/tex/latex/url/url.sty
\Urlmuskip=\muskip18
Package: url 2013/09/16  ver 3.4  Verb mode for urls, etc.
) (/usr/local/texlive/2026/texmf-dist/tex/latex/hyperref/hyperref.sty
Package: hyperref 2026-01-29 v7.01p Hypertext links for LaTeX
(/usr/local/texlive/2026/texmf-dist/tex/generic/pdfescape/pdfescape.sty
Package: pdfescape 2019/12/09 v1.15 Implements pdfTeX's escape features (HO)
) (/usr/local/texlive/2026/texmf-dist/tex/latex/hycolor/hycolor.sty
Package: hycolor 2020-01-27 v1.10 Color options for hyperref/bookmark (HO)
) (/usr/local/texlive/2026/texmf-dist/tex/latex/hyperref/nameref.sty
Package: nameref 2026-01-29 v2.58 Cross-referencing by name of section
(/usr/local/texlive/2026/texmf-dist/tex/latex/refcount/refcount.sty
Package: refcount 2019/12/15 v3.6 Data extraction from label references (HO)
)
(/usr/local/texlive/2026/texmf-dist/tex/generic/gettitlestring/gettitlestring.s
ty
Package: gettitlestring 2019/12/15 v1.6 Cleanup title references (HO)
)
\c@section@level=\count329
) (/usr/local/texlive/2026/texmf-dist/tex/generic/stringenc/stringenc.sty
Package: stringenc 2019/11/29 v1.12 Convert strings between diff. encodings (HO
)
)
\@linkdim=\dimen178
\Hy@linkcounter=\count330
\Hy@pagecounter=\count331
(/usr/local/texlive/2026/texmf-dist/tex/latex/hyperref/pd1enc.def
File: pd1enc.def 2026-01-29 v7.01p Hyperref: PDFDocEncoding definition (HO)
) (/usr/local/texlive/2026/texmf-dist/tex/generic/intcalc/intcalc.sty
Package: intcalc 2019/12/15 v1.3 Expandable calculations with integers (HO)
)
\Hy@SavedSpaceFactor=\count332
(/usr/local/texlive/2026/texmf-dist/tex/latex/hyperref/puenc.def
File: puenc.def 2026-01-29 v7.01p Hyperref: PDF Unicode definition (HO)
)
Package hyperref Info: Hyper figures OFF on input line 4201.
Package hyperref Info: Link nesting OFF on input line 4206.
Package hyperref Info: Hyper index ON on input line 4209.
Package hyperref Info: Plain pages OFF on input line 4216.
Package hyperref Info: Backreferencing OFF on input line 4221.
Package hyperref Info: Implicit mode ON; LaTeX internals redefined.
Package hyperref Info: Bookmarks ON on input line 4468.
LaTeX Info: Redefining \href on input line 4718.
\c@Hy@tempcnt=\count333
LaTeX Info: Redefining \url on input line 4807.
\XeTeXLinkMargin=\dimen179
(/usr/local/texlive/2026/texmf-dist/tex/generic/bitset/bitset.sty
Package: bitset 2019/12/09 v1.3 Handle bit-vector datatype (HO)
(/usr/local/texlive/2026/texmf-dist/tex/generic/bigintcalc/bigintcalc.sty
Package: bigintcalc 2019/12/15 v1.5 Expandable calculations on big integers (HO
)
))
\Fld@menulength=\count334
\Field@Width=\dimen180
\Fld@charsize=\dimen181
Package hyperref Info: Hyper figures OFF on input line 6084.
Package hyperref Info: Link nesting OFF on input line 6089.
Package hyperref Info: Hyper index ON on input line 6092.
Package hyperref Info: backreferencing OFF on input line 6099.
Package hyperref Info: Link coloring OFF on input line 6104.
Package hyperref Info: Link coloring with OCG OFF on input line 6109.
Package hyperref Info: PDF/A mode OFF on input line 6114.
\Hy@abspage=\count335
\c@Item=\count336
\c@Hfootnote=\count337
)
Package hyperref Info: Driver (autodetected): hxetex.
(/usr/local/texlive/2026/texmf-dist/tex/latex/hyperref/hxetex.def
File: hxetex.def 2026-01-29 v7.01p Hyperref driver for XeTeX
\pdfm@box=\box66
\c@Hy@AnnotLevel=\count338
\HyField@AnnotCount=\count339
\Fld@listcount=\count340
\c@bookmark@seq@number=\count341

(/usr/local/texlive/2026/texmf-dist/tex/latex/rerunfilecheck/rerunfilecheck.sty
Package: rerunfilecheck 2025-06-21 v1.11 Rerun checks for auxiliary files (HO)

(/usr/local/texlive/2026/texmf-dist/tex/generic/uniquecounter/uniquecounter.sty
Package: uniquecounter 2019/12/15 v1.4 Provide unlimited unique counter (HO)
)
Package uniquecounter Info: New unique counter `rerunfilecheck' on input line 2
84.
)
\Hy@SectionHShift=\skip66
) (/usr/local/texlive/2026/texmf-dist/tex/latex/lineno/lineno.sty
Package: lineno 2026/03/08 line numbers on paragraphs v5.9
\linenopenalty=\count342
\output=\toks39
\linenoprevgraf=\count343
\linenumbersep=\dimen182
\linenumberwidth=\dimen183
\c@linenumber=\count344
\c@pagewiselinenumber=\count345
\c@LN@truepage=\count346
\c@internallinenumber=\count347
\c@internallinenumbers=\count348
\quotelinenumbersep=\dimen184
\bframerule=\dimen185
\bframesep=\dimen186
\bframebox=\box67
\@LN@amsmath@ams@eqpen=\count349
) (/usr/local/texlive/2026/texmf-dist/tex/latex/microtype/microtype.sty
Package: microtype 2026/03/01 v3.2d Micro-typographical refinements (RS)
\MT@toks=\toks40
\MT@tempbox=\box68
\MT@count=\count350
LaTeX Info: Redefining \noprotrusionifhmode on input line 1084.
LaTeX Info: Redefining \leftprotrusion on input line 1085.
\MT@prot@toks=\toks41
LaTeX Info: Redefining \rightprotrusion on input line 1104.
LaTeX Info: Redefining \textls on input line 1449.
\MT@outer@kern=\dimen187
LaTeX Info: Redefining \microtypecontext on input line 2053.
LaTeX Info: Redefining \textmicrotypecontext on input line 2070.
\MT@listname@count=\count351
(/usr/local/texlive/2026/texmf-dist/tex/latex/microtype/microtype-xetex.def
File: microtype-xetex.def 2026/03/01 v3.2d Definitions specific to xetex (RS)
LaTeX Info: Redefining \lsstyle on input line 443.
LaTeX Info: Redefining \lslig on input line 451.
\MT@outer@space=\skip67
)
Package microtype Info: Loading configuration file microtype.cfg.
(/usr/local/texlive/2026/texmf-dist/tex/latex/microtype/microtype.cfg
File: microtype.cfg 2026/03/01 v3.2d microtype main configuration file (RS)
)
LaTeX Info: Redefining \microtypesetup on input line 3065.
) (/usr/local/texlive/2026/texmf-dist/tex/latex/setspace/setspace.sty
Package: setspace 2022/12/04 v6.7b set line spacing
)
\c@theorem=\count352
\c@corollary=\count353
\c@proposition=\count354
\c@definition=\count355
\c@example=\count356
\c@remark=\count357
\c@axiom=\count358
\c@conjecture=\count359
\c@observation=\count360
LaTeX Font Info:    Trying to load font information for TU+ptm on input line 44
.
LaTeX Font Info:    No file TUptm.fd. on input line 44.

LaTeX Font Warning: Font shape `TU/ptm/m/n' undefined
(Font)              using `TU/lmr/m/n' instead on input line 44.

(/usr/local/texlive/2026/texmf-dist/tex/latex/l3backend/l3backend-xetex.def
File: l3backend-xetex.def 2026-02-18 L3 backend support: XeTeX
\g__graphics_track_int=\count361
\g__pdfannot_backend_int=\count362
\g__pdfannot_backend_link_int=\count363
) (./myst.aux (./myst-intro.aux) (./myst-probspace.aux))
\openout1 = `myst.aux'.

LaTeX Font Info:    Checking defaults for OML/cmm/m/it on input line 44.
LaTeX Font Info:    ... okay on input line 44.
LaTeX Font Info:    Checking defaults for OMS/cmsy/m/n on input line 44.
LaTeX Font Info:    ... okay on input line 44.
LaTeX Font Info:    Checking defaults for OT1/cmr/m/n on input line 44.
LaTeX Font Info:    ... okay on input line 44.
LaTeX Font Info:    Checking defaults for T1/cmr/m/n on input line 44.
LaTeX Font Info:    ... okay on input line 44.
LaTeX Font Info:    Checking defaults for TS1/cmr/m/n on input line 44.
LaTeX Font Info:    ... okay on input line 44.
LaTeX Font Info:    Checking defaults for TU/lmr/m/n on input line 44.
LaTeX Font Info:    ... okay on input line 44.
LaTeX Font Info:    Checking defaults for OMX/cmex/m/n on input line 44.
LaTeX Font Info:    ... okay on input line 44.
LaTeX Font Info:    Checking defaults for U/cmr/m/n on input line 44.
LaTeX Font Info:    ... okay on input line 44.
LaTeX Font Info:    Checking defaults for PD1/pdf/m/n on input line 44.
LaTeX Font Info:    ... okay on input line 44.
LaTeX Font Info:    Checking defaults for PU/pdf/m/n on input line 44.
LaTeX Font Info:    ... okay on input line 44.
Package crop Info: using `pdftex' graphics driver on input line 44.
(/usr/local/texlive/2026/texmf-dist/tex/latex/fmtcount/fc-english.def
File: fc-english.def 2016/01/12
)
Package caption Info: Begin \AtBeginDocument code.
Package caption Info: hyperref package is loaded.
Package caption Info: End \AtBeginDocument code.
Package hyperref Info: Link coloring OFF on input line 44.
(./myst.out) (./myst.out)
\@outlinefile=\write3
\openout3 = `myst.out'.

LaTeX Info: Redefining \microtypecontext on input line 44.
Package microtype Info: Applying patch `item' on input line 44.
Package microtype Info: Applying patch `toc' on input line 44.
Package microtype Info: Applying patch `eqnum' on input line 44.

Package microtype Warning: Unable to apply patch `footnote' on input line 44.

Package microtype Info: Applying patch `verbatim' on input line 44.
LaTeX Info: Redefining \microtypesetup on input line 44.
Package microtype Info: Character protrusion enabled (level 2),
(microtype)             factor: 1500.
Package microtype Info: Using default protrusion set `alltext'.
Package microtype Info: No adjustment of tracking.
Package microtype Info: No adjustment of spacing.
Package microtype Info: No adjustment of kerning.
(/usr/local/texlive/2026/texmf-dist/tex/latex/microtype/mt-ptm.cfg
File: mt-ptm.cfg 2006/04/20 v1.7 microtype config. file: Times (RS)
)
Package microtype Info: Loading generic protrusion settings for font family
(microtype)             `ptm' (encoding: TU).
(microtype)             For optimal results, create family-specific settings.
(microtype)             See the microtype manual for details.
LaTeX Font Info:    Trying to load font information for TU+phv on input line 60
.
LaTeX Font Info:    No file TUphv.fd. on input line 60.

LaTeX Font Warning: Font shape `TU/phv/m/n' undefined
(Font)              using `TU/lmr/m/n' instead on input line 60.


(/usr/local/texlive/2026/texmf-dist/tex/latex/microtype/mt-LatinModernRoman.cfg
File: mt-LatinModernRoman.cfg 2026/02/26 v1.2 microtype config. file: Latin Mod
ern Roman (RS)
)
Invalid UTF-8 byte or sequence at line 60 replaced by U+FFFD.
Invalid UTF-8 byte or sequence at line 60 replaced by U+FFFD.
Invalid UTF-8 byte or sequence at line 60 replaced by U+FFFD.
Invalid UTF-8 byte or sequence at line 60 replaced by U+FFFD.
Invalid UTF-8 byte or sequence at line 60 replaced by U+FFFD.
Invalid UTF-8 byte or sequence at line 60 replaced by U+FFFD.
Invalid UTF-8 byte or sequence at line 60 replaced by U+FFFD.
Invalid UTF-8 byte or sequence at line 60 replaced by U+FFFD.
Invalid UTF-8 byte or sequence at line 60 replaced by U+FFFD.
Invalid UTF-8 byte or sequence at line 60 replaced by U+FFFD.
Invalid UTF-8 byte or sequence at line 60 replaced by U+FFFD.
Invalid UTF-8 byte or sequence at line 60 replaced by U+FFFD.
Invalid UTF-8 byte or sequence at line 60 replaced by U+FFFD.
Invalid UTF-8 byte or sequence at line 60 replaced by U+FFFD.
Invalid UTF-8 byte or sequence at line 60 replaced by U+FFFD.
Invalid UTF-8 byte or sequence at line 60 replaced by U+FFFD.
Invalid UTF-8 byte or sequence at line 60 replaced by U+FFFD.
Invalid UTF-8 byte or sequence at line 60 replaced by U+FFFD.
Invalid UTF-8 byte or sequence at line 60 replaced by U+FFFD.
Invalid UTF-8 byte or sequence at line 60 replaced by U+FFFD.
Invalid UTF-8 byte or sequence at line 60 replaced by U+FFFD.
Invalid UTF-8 byte or sequence at line 60 replaced by U+FFFD.
Invalid UTF-8 byte or sequence at line 60 replaced by U+FFFD.
Invalid UTF-8 byte or sequence at line 60 replaced by U+FFFD.
Invalid UTF-8 byte or sequence at line 60 replaced by U+FFFD.
Invalid UTF-8 byte or sequence at line 60 replaced by U+FFFD.
Invalid UTF-8 byte or sequence at line 60 replaced by U+FFFD.
Invalid UTF-8 byte or sequence at line 60 replaced by U+FFFD.
Invalid UTF-8 byte or sequence at line 60 replaced by U+FFFD.
Invalid UTF-8 byte or sequence at line 60 replaced by U+FFFD.
Invalid UTF-8 byte or sequence at line 60 replaced by U+FFFD.
Invalid UTF-8 byte or sequence at line 60 replaced by U+FFFD.
Invalid UTF-8 byte or sequence at line 60 replaced by U+FFFD.
Invalid UTF-8 byte or sequence at line 60 replaced by U+FFFD.
Invalid UTF-8 byte or sequence at line 60 replaced by U+FFFD.
Invalid UTF-8 byte or sequence at line 60 replaced by U+FFFD.
Invalid UTF-8 byte or sequence at line 60 replaced by U+FFFD.
Invalid UTF-8 byte or sequence at line 60 replaced by U+FFFD.
Invalid UTF-8 byte or sequence at line 60 replaced by U+FFFD.
Invalid UTF-8 byte or sequence at line 60 replaced by U+FFFD.
Invalid UTF-8 byte or sequence at line 60 replaced by U+FFFD.
Invalid UTF-8 byte or sequence at line 60 replaced by U+FFFD.
Invalid UTF-8 byte or sequence at line 60 replaced by U+FFFD.
Invalid UTF-8 byte or sequence at line 60 replaced by U+FFFD.
Invalid UTF-8 byte or sequence at line 60 replaced by U+FFFD.
Invalid UTF-8 byte or sequence at line 60 replaced by U+FFFD.
Invalid UTF-8 byte or sequence at line 60 replaced by U+FFFD.
Invalid UTF-8 byte or sequence at line 60 replaced by U+FFFD.
Invalid UTF-8 byte or sequence at line 60 replaced by U+FFFD.
Invalid UTF-8 byte or sequence at line 60 replaced by U+FFFD.
Invalid UTF-8 byte or sequence at line 60 replaced by U+FFFD.
Invalid UTF-8 byte or sequence at line 60 replaced by U+FFFD.
Invalid UTF-8 byte or sequence at line 60 replaced by U+FFFD.
Invalid UTF-8 byte or sequence at line 60 replaced by U+FFFD.
Invalid UTF-8 byte or sequence at line 60 replaced by U+FFFD.
Invalid UTF-8 byte or sequence at line 60 replaced by U+FFFD.
Invalid UTF-8 byte or sequence at line 60 replaced by U+FFFD.
Invalid UTF-8 byte or sequence at line 60 replaced by U+FFFD.
Invalid UTF-8 byte or sequence at line 60 replaced by U+FFFD.
Invalid UTF-8 byte or sequence at line 60 replaced by U+FFFD.
Invalid UTF-8 byte or sequence at line 60 replaced by U+FFFD.
Invalid UTF-8 byte or sequence at line 60 replaced by U+FFFD.
Invalid UTF-8 byte or sequence at line 60 replaced by U+FFFD.
Invalid UTF-8 byte or sequence at line 60 replaced by U+FFFD.
Invalid UTF-8 byte or sequence at line 60 replaced by U+FFFD.
Invalid UTF-8 byte or sequence at line 60 replaced by U+FFFD.
Invalid UTF-8 byte or sequence at line 60 replaced by U+FFFD.
Invalid UTF-8 byte or sequence at line 60 replaced by U+FFFD.
Invalid UTF-8 byte or sequence at line 60 replaced by U+FFFD.
Invalid UTF-8 byte or sequence at line 60 replaced by U+FFFD.
Invalid UTF-8 byte or sequence at line 60 replaced by U+FFFD.
Invalid UTF-8 byte or sequence at line 60 replaced by U+FFFD.
Invalid UTF-8 byte or sequence at line 60 replaced by U+FFFD.
Invalid UTF-8 byte or sequence at line 60 replaced by U+FFFD.
Invalid UTF-8 byte or sequence at line 60 replaced by U+FFFD.
Invalid UTF-8 byte or sequence at line 60 replaced by U+FFFD.
Invalid UTF-8 byte or sequence at line 60 replaced by U+FFFD.
Invalid UTF-8 byte or sequence at line 60 replaced by U+FFFD.
Invalid UTF-8 byte or sequence at line 60 replaced by U+FFFD.
Invalid UTF-8 byte or sequence at line 60 replaced by U+FFFD.
Invalid UTF-8 byte or sequence at line 60 replaced by U+FFFD.
Invalid UTF-8 byte or sequence at line 60 replaced by U+FFFD.
Invalid UTF-8 byte or sequence at line 60 replaced by U+FFFD.
Invalid UTF-8 byte or sequence at line 60 replaced by U+FFFD.
Invalid UTF-8 byte or sequence at line 60 replaced by U+FFFD.
Invalid UTF-8 byte or sequence at line 60 replaced by U+FFFD.
Invalid UTF-8 byte or sequence at line 60 replaced by U+FFFD.
Invalid UTF-8 byte or sequence at line 60 replaced by U+FFFD.
Invalid UTF-8 byte or sequence at line 60 replaced by U+FFFD.
Invalid UTF-8 byte or sequence at line 60 replaced by U+FFFD.
Invalid UTF-8 byte or sequence at line 60 replaced by U+FFFD.
Invalid UTF-8 byte or sequence at line 60 replaced by U+FFFD.
Invalid UTF-8 byte or sequence at line 60 replaced by U+FFFD.
Invalid UTF-8 byte or sequence at line 60 replaced by U+FFFD.
Invalid UTF-8 byte or sequence at line 60 replaced by U+FFFD.
Invalid UTF-8 byte or sequence at line 60 replaced by U+FFFD.
Invalid UTF-8 byte or sequence at line 60 replaced by U+FFFD.
Invalid UTF-8 byte or sequence at line 60 replaced by U+FFFD.
Invalid UTF-8 byte or sequence at line 60 replaced by U+FFFD.
Invalid UTF-8 byte or sequence at line 60 replaced by U+FFFD.
Invalid UTF-8 byte or sequence at line 60 replaced by U+FFFD.
Invalid UTF-8 byte or sequence at line 60 replaced by U+FFFD.
Invalid UTF-8 byte or sequence at line 60 replaced by U+FFFD.
Invalid UTF-8 byte or sequence at line 60 replaced by U+FFFD.
Invalid UTF-8 byte or sequence at line 60 replaced by U+FFFD.
Invalid UTF-8 byte or sequence at line 60 replaced by U+FFFD.
Invalid UTF-8 byte or sequence at line 60 replaced by U+FFFD.
Invalid UTF-8 byte or sequence at line 60 replaced by U+FFFD.
Invalid UTF-8 byte or sequence at line 60 replaced by U+FFFD.
Invalid UTF-8 byte or sequence at line 60 replaced by U+FFFD.
Invalid UTF-8 byte or sequence at line 60 replaced by U+FFFD.
Invalid UTF-8 byte or sequence at line 60 replaced by U+FFFD.
Invalid UTF-8 byte or sequence at line 60 replaced by U+FFFD.
Invalid UTF-8 byte or sequence at line 60 replaced by U+FFFD.
Invalid UTF-8 byte or sequence at line 60 replaced by U+FFFD.
Invalid UTF-8 byte or sequence at line 60 replaced by U+FFFD.
Invalid UTF-8 byte or sequence at line 60 replaced by U+FFFD.
Invalid UTF-8 byte or sequence at line 60 replaced by U+FFFD.
Invalid UTF-8 byte or sequence at line 60 replaced by U+FFFD.
Invalid UTF-8 byte or sequence at line 60 replaced by U+FFFD.
Invalid UTF-8 byte or sequence at line 60 replaced by U+FFFD.
Invalid UTF-8 byte or sequence at line 60 replaced by U+FFFD.
Invalid UTF-8 byte or sequence at line 60 replaced by U+FFFD.
Invalid UTF-8 byte or sequence at line 60 replaced by U+FFFD.
Invalid UTF-8 byte or sequence at line 60 replaced by U+FFFD.
Invalid UTF-8 byte or sequence at line 60 replaced by U+FFFD.
Invalid UTF-8 byte or sequence at line 60 replaced by U+FFFD.
Invalid UTF-8 byte or sequence at line 60 replaced by U+FFFD.
Invalid UTF-8 byte or sequence at line 60 replaced by U+FFFD.
Invalid UTF-8 byte or sequence at line 60 replaced by U+FFFD.
Invalid UTF-8 byte or sequence at line 60 replaced by U+FFFD.
Invalid UTF-8 byte or sequence at line 60 replaced by U+FFFD.
Invalid UTF-8 byte or sequence at line 60 replaced by U+FFFD.
Invalid UTF-8 byte or sequence at line 60 replaced by U+FFFD.
Invalid UTF-8 byte or sequence at line 60 replaced by U+FFFD.
Invalid UTF-8 byte or sequence at line 60 replaced by U+FFFD.
Invalid UTF-8 byte or sequence at line 60 replaced by U+FFFD.
Invalid UTF-8 byte or sequence at line 60 replaced by U+FFFD.
Invalid UTF-8 byte or sequence at line 60 replaced by U+FFFD.
Invalid UTF-8 byte or sequence at line 60 replaced by U+FFFD.
Invalid UTF-8 byte or sequence at line 60 replaced by U+FFFD.
Invalid UTF-8 byte or sequence at line 60 replaced by U+FFFD.
Invalid UTF-8 byte or sequence at line 60 replaced by U+FFFD.
Invalid UTF-8 byte or sequence at line 60 replaced by U+FFFD.
Invalid UTF-8 byte or sequence at line 60 replaced by U+FFFD.
Invalid UTF-8 byte or sequence at line 60 replaced by U+FFFD.
Invalid UTF-8 byte or sequence at line 60 replaced by U+FFFD.
Invalid UTF-8 byte or sequence at line 60 replaced by U+FFFD.
Invalid UTF-8 byte or sequence at line 60 replaced by U+FFFD.
Invalid UTF-8 byte or sequence at line 60 replaced by U+FFFD.
Invalid UTF-8 byte or sequence at line 60 replaced by U+FFFD.
Invalid UTF-8 byte or sequence at line 60 replaced by U+FFFD.
Invalid UTF-8 byte or sequence at line 60 replaced by U+FFFD.
Invalid UTF-8 byte or sequence at line 60 replaced by U+FFFD.
Invalid UTF-8 byte or sequence at line 60 replaced by U+FFFD.
Invalid UTF-8 byte or sequence at line 60 replaced by U+FFFD.
Invalid UTF-8 byte or sequence at line 60 replaced by U+FFFD.
Invalid UTF-8 byte or sequence at line 60 replaced by U+FFFD.
Invalid UTF-8 byte or sequence at line 60 replaced by U+FFFD.
Invalid UTF-8 byte or sequence at line 60 replaced by U+FFFD.
Invalid UTF-8 byte or sequence at line 60 replaced by U+FFFD.
Invalid UTF-8 byte or sequence at line 60 replaced by U+FFFD.
Invalid UTF-8 byte or sequence at line 60 replaced by U+FFFD.
Invalid UTF-8 byte or sequence at line 60 replaced by U+FFFD.
Invalid UTF-8 byte or sequence at line 60 replaced by U+FFFD.
Invalid UTF-8 byte or sequence at line 60 replaced by U+FFFD.
Invalid UTF-8 byte or sequence at line 60 replaced by U+FFFD.
Invalid UTF-8 byte or sequence at line 60 replaced by U+FFFD.
Invalid UTF-8 byte or sequence at line 60 replaced by U+FFFD.
Invalid UTF-8 byte or sequence at line 60 replaced by U+FFFD.
Invalid UTF-8 byte or sequence at line 60 replaced by U+FFFD.
Invalid UTF-8 byte or sequence at line 60 replaced by U+FFFD.
Invalid UTF-8 byte or sequence at line 60 replaced by U+FFFD.
Invalid UTF-8 byte or sequence at line 60 replaced by U+FFFD.
Invalid UTF-8 byte or sequence at line 60 replaced by U+FFFD.
Invalid UTF-8 byte or sequence at line 60 replaced by U+FFFD.
Invalid UTF-8 byte or sequence at line 60 replaced by U+FFFD.
Invalid UTF-8 byte or sequence at line 60 replaced by U+FFFD.
Invalid UTF-8 byte or sequence at line 60 replaced by U+FFFD.
Invalid UTF-8 byte or sequence at line 60 replaced by U+FFFD.
Invalid UTF-8 byte or sequence at line 60 replaced by U+FFFD.
Invalid UTF-8 byte or sequence at line 60 replaced by U+FFFD.
Invalid UTF-8 byte or sequence at line 60 replaced by U+FFFD.
Invalid UTF-8 byte or sequence at line 60 replaced by U+FFFD.
Invalid UTF-8 byte or sequence at line 60 replaced by U+FFFD.
Invalid UTF-8 byte or sequence at line 60 replaced by U+FFFD.
Invalid UTF-8 byte or sequence at line 60 replaced by U+FFFD.
Invalid UTF-8 byte or sequence at line 60 replaced by U+FFFD.
Invalid UTF-8 byte or sequence at line 60 replaced by U+FFFD.
Invalid UTF-8 byte or sequence at line 60 replaced by U+FFFD.
Invalid UTF-8 byte or sequence at line 60 replaced by U+FFFD.
Invalid UTF-8 byte or sequence at line 60 replaced by U+FFFD.
Invalid UTF-8 byte or sequence at line 60 replaced by U+FFFD.
Invalid UTF-8 byte or sequence at line 60 replaced by U+FFFD.
Invalid UTF-8 byte or sequence at line 60 replaced by U+FFFD.
Invalid UTF-8 byte or sequence at line 60 replaced by U+FFFD.
Invalid UTF-8 byte or sequence at line 60 replaced by U+FFFD.
Invalid UTF-8 byte or sequence at line 60 replaced by U+FFFD.
Invalid UTF-8 byte or sequence at line 60 replaced by U+FFFD.
Invalid UTF-8 byte or sequence at line 60 replaced by U+FFFD.
Invalid UTF-8 byte or sequence at line 60 replaced by U+FFFD.
Invalid UTF-8 byte or sequence at line 60 replaced by U+FFFD.
Invalid UTF-8 byte or sequence at line 60 replaced by U+FFFD.
Invalid UTF-8 byte or sequence at line 60 replaced by U+FFFD.
Invalid UTF-8 byte or sequence at line 60 replaced by U+FFFD.
Invalid UTF-8 byte or sequence at line 60 replaced by U+FFFD.
Invalid UTF-8 byte or sequence at line 60 replaced by U+FFFD.
Invalid UTF-8 byte or sequence at line 60 replaced by U+FFFD.
Invalid UTF-8 byte or sequence at line 60 replaced by U+FFFD.
Invalid UTF-8 byte or sequence at line 60 replaced by U+FFFD.
Invalid UTF-8 byte or sequence at line 60 replaced by U+FFFD.
Invalid UTF-8 byte or sequence at line 60 replaced by U+FFFD.
Invalid UTF-8 byte or sequence at line 60 replaced by U+FFFD.
Invalid UTF-8 byte or sequence at line 60 replaced by U+FFFD.
Invalid UTF-8 byte or sequence at line 60 replaced by U+FFFD.
Invalid UTF-8 byte or sequence at line 60 replaced by U+FFFD.
Invalid UTF-8 byte or sequence at line 60 replaced by U+FFFD.
Invalid UTF-8 byte or sequence at line 60 replaced by U+FFFD.
Invalid UTF-8 byte or sequence at line 60 replaced by U+FFFD.
Invalid UTF-8 byte or sequence at line 60 replaced by U+FFFD.
Invalid UTF-8 byte or sequence at line 60 replaced by U+FFFD.
Invalid UTF-8 byte or sequence at line 60 replaced by U+FFFD.
Invalid UTF-8 byte or sequence at line 60 replaced by U+FFFD.
Invalid UTF-8 byte or sequence at line 60 replaced by U+FFFD.
Invalid UTF-8 byte or sequence at line 60 replaced by U+FFFD.
Invalid UTF-8 byte or sequence at line 60 replaced by U+FFFD.
Invalid UTF-8 byte or sequence at line 60 replaced by U+FFFD.
Invalid UTF-8 byte or sequence at line 60 replaced by U+FFFD.
Invalid UTF-8 byte or sequence at line 60 replaced by U+FFFD.
Invalid UTF-8 byte or sequence at line 60 replaced by U+FFFD.
Invalid UTF-8 byte or sequence at line 60 replaced by U+FFFD.
Invalid UTF-8 byte or sequence at line 60 replaced by U+FFFD.
Invalid UTF-8 byte or sequence at line 60 replaced by U+FFFD.
Invalid UTF-8 byte or sequence at line 60 replaced by U+FFFD.
Invalid UTF-8 byte or sequence at line 60 replaced by U+FFFD.
Invalid UTF-8 byte or sequence at line 60 replaced by U+FFFD.
Invalid UTF-8 byte or sequence at line 60 replaced by U+FFFD.
Invalid UTF-8 byte or sequence at line 60 replaced by U+FFFD.
Invalid UTF-8 byte or sequence at line 60 replaced by U+FFFD.
Invalid UTF-8 byte or sequence at line 60 replaced by U+FFFD.
Invalid UTF-8 byte or sequence at line 60 replaced by U+FFFD.
Invalid UTF-8 byte or sequence at line 60 replaced by U+FFFD.
Invalid UTF-8 byte or sequence at line 60 replaced by U+FFFD.
Invalid UTF-8 byte or sequence at line 60 replaced by U+FFFD.
Invalid UTF-8 byte or sequence at line 60 replaced by U+FFFD.
Invalid UTF-8 byte or sequence at line 60 replaced by U+FFFD.
Invalid UTF-8 byte or sequence at line 60 replaced by U+FFFD.
Invalid UTF-8 byte or sequence at line 60 replaced by U+FFFD.
Invalid UTF-8 byte or sequence at line 60 replaced by U+FFFD.
Invalid UTF-8 byte or sequence at line 60 replaced by U+FFFD.
Invalid UTF-8 byte or sequence at line 60 replaced by U+FFFD.
Invalid UTF-8 byte or sequence at line 60 replaced by U+FFFD.
Invalid UTF-8 byte or sequence at line 60 replaced by U+FFFD.
Invalid UTF-8 byte or sequence at line 60 replaced by U+FFFD.
Invalid UTF-8 byte or sequence at line 60 replaced by U+FFFD.
Invalid UTF-8 byte or sequence at line 60 replaced by U+FFFD.
Invalid UTF-8 byte or sequence at line 60 replaced by U+FFFD.
Invalid UTF-8 byte or sequence at line 60 replaced by U+FFFD.
Invalid UTF-8 byte or sequence at line 60 replaced by U+FFFD.
Invalid UTF-8 byte or sequence at line 60 replaced by U+FFFD.
Invalid UTF-8 byte or sequence at line 60 replaced by U+FFFD.
Invalid UTF-8 byte or sequence at line 60 replaced by U+FFFD.
Invalid UTF-8 byte or sequence at line 60 replaced by U+FFFD.
Invalid UTF-8 byte or sequence at line 60 replaced by U+FFFD.
Invalid UTF-8 byte or sequence at line 60 replaced by U+FFFD.
Invalid UTF-8 byte or sequence at line 60 replaced by U+FFFD.
Invalid UTF-8 byte or sequence at line 60 replaced by U+FFFD.
Invalid UTF-8 byte or sequence at line 60 replaced by U+FFFD.
Invalid UTF-8 byte or sequence at line 60 replaced by U+FFFD.
Invalid UTF-8 byte or sequence at line 60 replaced by U+FFFD.
Invalid UTF-8 byte or sequence at line 60 replaced by U+FFFD.
Invalid UTF-8 byte or sequence at line 60 replaced by U+FFFD.
Invalid UTF-8 byte or sequence at line 60 replaced by U+FFFD.
Invalid UTF-8 byte or sequence at line 60 replaced by U+FFFD.
Invalid UTF-8 byte or sequence at line 60 replaced by U+FFFD.
Invalid UTF-8 byte or sequence at line 60 replaced by U+FFFD.
Invalid UTF-8 byte or sequence at line 60 replaced by U+FFFD.
Invalid UTF-8 byte or sequence at line 60 replaced by U+FFFD.
Invalid UTF-8 byte or sequence at line 60 replaced by U+FFFD.
Invalid UTF-8 byte or sequence at line 60 replaced by U+FFFD.
Invalid UTF-8 byte or sequence at line 60 replaced by U+FFFD.
Invalid UTF-8 byte or sequence at line 60 replaced by U+FFFD.
Invalid UTF-8 byte or sequence at line 60 replaced by U+FFFD.
Invalid UTF-8 byte or sequence at line 60 replaced by U+FFFD.
Invalid UTF-8 byte or sequence at line 60 replaced by U+FFFD.
Invalid UTF-8 byte or sequence at line 60 replaced by U+FFFD.
Invalid UTF-8 byte or sequence at line 60 replaced by U+FFFD.
Invalid UTF-8 byte or sequence at line 60 replaced by U+FFFD.
Invalid UTF-8 byte or sequence at line 60 replaced by U+FFFD.
Invalid UTF-8 byte or sequence at line 60 replaced by U+FFFD.
Invalid UTF-8 byte or sequence at line 60 replaced by U+FFFD.
Invalid UTF-8 byte or sequence at line 60 replaced by U+FFFD.
Invalid UTF-8 byte or sequence at line 60 replaced by U+FFFD.
Invalid UTF-8 byte or sequence at line 60 replaced by U+FFFD.
Invalid UTF-8 byte or sequence at line 60 replaced by U+FFFD.
Invalid UTF-8 byte or sequence at line 60 replaced by U+FFFD.
Invalid UTF-8 byte or sequence at line 60 replaced by U+FFFD.
Invalid UTF-8 byte or sequence at line 60 replaced by U+FFFD.
Invalid UTF-8 byte or sequence at line 60 replaced by U+FFFD.
Invalid UTF-8 byte or sequence at line 60 replaced by U+FFFD.
Invalid UTF-8 byte or sequence at line 60 replaced by U+FFFD.
Invalid UTF-8 byte or sequence at line 60 replaced by U+FFFD.
Invalid UTF-8 byte or sequence at line 60 replaced by U+FFFD.
Invalid UTF-8 byte or sequence at line 60 replaced by U+FFFD.
Invalid UTF-8 byte or sequence at line 60 replaced by U+FFFD.
Invalid UTF-8 byte or sequence at line 60 replaced by U+FFFD.
Invalid UTF-8 byte or sequence at line 60 replaced by U+FFFD.
Invalid UTF-8 byte or sequence at line 60 replaced by U+FFFD.
Invalid UTF-8 byte or sequence at line 60 replaced by U+FFFD.
Invalid UTF-8 byte or sequence at line 60 replaced by U+FFFD.
Invalid UTF-8 byte or sequence at line 60 replaced by U+FFFD.
Invalid UTF-8 byte or sequence at line 60 replaced by U+FFFD.
Invalid UTF-8 byte or sequence at line 60 replaced by U+FFFD.
Invalid UTF-8 byte or sequence at line 60 replaced by U+FFFD.
Invalid UTF-8 byte or sequence at line 60 replaced by U+FFFD.
Invalid UTF-8 byte or sequence at line 60 replaced by U+FFFD.
Invalid UTF-8 byte or sequence at line 60 replaced by U+FFFD.
Invalid UTF-8 byte or sequence at line 60 replaced by U+FFFD.
Invalid UTF-8 byte or sequence at line 60 replaced by U+FFFD.
Invalid UTF-8 byte or sequence at line 60 replaced by U+FFFD.
Invalid UTF-8 byte or sequence at line 60 replaced by U+FFFD.
Invalid UTF-8 byte or sequence at line 60 replaced by U+FFFD.
Invalid UTF-8 byte or sequence at line 60 replaced by U+FFFD.
Invalid UTF-8 byte or sequence at line 60 replaced by U+FFFD.
Invalid UTF-8 byte or sequence at line 60 replaced by U+FFFD.
Invalid UTF-8 byte or sequence at line 60 replaced by U+FFFD.
Invalid UTF-8 byte or sequence at line 60 replaced by U+FFFD.
Invalid UTF-8 byte or sequence at line 60 replaced by U+FFFD.
Invalid UTF-8 byte or sequence at line 60 replaced by U+FFFD.
Invalid UTF-8 byte or sequence at line 60 replaced by U+FFFD.
Invalid UTF-8 byte or sequence at line 60 replaced by U+FFFD.
Invalid UTF-8 byte or sequence at line 60 replaced by U+FFFD.
Invalid UTF-8 byte or sequence at line 60 replaced by U+FFFD.
Invalid UTF-8 byte or sequence at line 60 replaced by U+FFFD.
Invalid UTF-8 byte or sequence at line 60 replaced by U+FFFD.
Invalid UTF-8 byte or sequence at line 60 replaced by U+FFFD.
Invalid UTF-8 byte or sequence at line 60 replaced by U+FFFD.
Invalid UTF-8 byte or sequence at line 60 replaced by U+FFFD.
Invalid UTF-8 byte or sequence at line 60 replaced by U+FFFD.
Invalid UTF-8 byte or sequence at line 60 replaced by U+FFFD.
Invalid UTF-8 byte or sequence at line 60 replaced by U+FFFD.
Invalid UTF-8 byte or sequence at line 60 replaced by U+FFFD.
Invalid UTF-8 byte or sequence at line 60 replaced by U+FFFD.
Invalid UTF-8 byte or sequence at line 60 replaced by U+FFFD.
Invalid UTF-8 byte or sequence at line 60 replaced by U+FFFD.
Invalid UTF-8 byte or sequence at line 60 replaced by U+FFFD.
Invalid UTF-8 byte or sequence at line 60 replaced by U+FFFD.
Invalid UTF-8 byte or sequence at line 60 replaced by U+FFFD.
Invalid UTF-8 byte or sequence at line 60 replaced by U+FFFD.
Invalid UTF-8 byte or sequence at line 60 replaced by U+FFFD.
Invalid UTF-8 byte or sequence at line 60 replaced by U+FFFD.
Invalid UTF-8 byte or sequence at line 60 replaced by U+FFFD.
Invalid UTF-8 byte or sequence at line 60 replaced by U+FFFD.
Invalid UTF-8 byte or sequence at line 60 replaced by U+FFFD.
Invalid UTF-8 byte or sequence at line 60 replaced by U+FFFD.
Invalid UTF-8 byte or sequence at line 60 replaced by U+FFFD.
Invalid UTF-8 byte or sequence at line 60 replaced by U+FFFD.
Invalid UTF-8 byte or sequence at line 60 replaced by U+FFFD.
Invalid UTF-8 byte or sequence at line 60 replaced by U+FFFD.
Invalid UTF-8 byte or sequence at line 60 replaced by U+FFFD.
Invalid UTF-8 byte or sequence at line 60 replaced by U+FFFD.
Invalid UTF-8 byte or sequence at line 60 replaced by U+FFFD.
Invalid UTF-8 byte or sequence at line 60 replaced by U+FFFD.
Invalid UTF-8 byte or sequence at line 60 replaced by U+FFFD.
Invalid UTF-8 byte or sequence at line 60 replaced by U+FFFD.
Invalid UTF-8 byte or sequence at line 60 replaced by U+FFFD.
Invalid UTF-8 byte or sequence at line 60 replaced by U+FFFD.
Invalid UTF-8 byte or sequence at line 60 replaced by U+FFFD.
Invalid UTF-8 byte or sequence at line 60 replaced by U+FFFD.
Invalid UTF-8 byte or sequence at line 60 replaced by U+FFFD.
Invalid UTF-8 byte or sequence at line 60 replaced by U+FFFD.
Invalid UTF-8 byte or sequence at line 60 replaced by U+FFFD.
Invalid UTF-8 byte or sequence at line 60 replaced by U+FFFD.
Invalid UTF-8 byte or sequence at line 60 replaced by U+FFFD.
Invalid UTF-8 byte or sequence at line 60 replaced by U+FFFD.
Invalid UTF-8 byte or sequence at line 60 replaced by U+FFFD.
Invalid UTF-8 byte or sequence at line 60 replaced by U+FFFD.
Invalid UTF-8 byte or sequence at line 60 replaced by U+FFFD.
Invalid UTF-8 byte or sequence at line 60 replaced by U+FFFD.
Invalid UTF-8 byte or sequence at line 60 replaced by U+FFFD.
Invalid UTF-8 byte or sequence at line 60 replaced by U+FFFD.
Invalid UTF-8 byte or sequence at line 60 replaced by U+FFFD.
Invalid UTF-8 byte or sequence at line 60 replaced by U+FFFD.
Invalid UTF-8 byte or sequence at line 60 replaced by U+FFFD.
Invalid UTF-8 byte or sequence at line 60 replaced by U+FFFD.
Invalid UTF-8 byte or sequence at line 60 replaced by U+FFFD.
Invalid UTF-8 byte or sequence at line 60 replaced by U+FFFD.
Invalid UTF-8 byte or sequence at line 60 replaced by U+FFFD.
Invalid UTF-8 byte or sequence at line 60 replaced by U+FFFD.
Invalid UTF-8 byte or sequence at line 60 replaced by U+FFFD.
Invalid UTF-8 byte or sequence at line 60 replaced by U+FFFD.
Invalid UTF-8 byte or sequence at line 60 replaced by U+FFFD.
Invalid UTF-8 byte or sequence at line 60 replaced by U+FFFD.
Invalid UTF-8 byte or sequence at line 60 replaced by U+FFFD.
Invalid UTF-8 byte or sequence at line 60 replaced by U+FFFD.
Invalid UTF-8 byte or sequence at line 60 replaced by U+FFFD.
Invalid UTF-8 byte or sequence at line 60 replaced by U+FFFD.
Invalid UTF-8 byte or sequence at line 60 replaced by U+FFFD.
Invalid UTF-8 byte or sequence at line 60 replaced by U+FFFD.
Invalid UTF-8 byte or sequence at line 60 replaced by U+FFFD.
Invalid UTF-8 byte or sequence at line 60 replaced by U+FFFD.
Invalid UTF-8 byte or sequence at line 60 replaced by U+FFFD.
Invalid UTF-8 byte or sequence at line 60 replaced by U+FFFD.
Invalid UTF-8 byte or sequence at line 60 replaced by U+FFFD.
Invalid UTF-8 byte or sequence at line 60 replaced by U+FFFD.
Invalid UTF-8 byte or sequence at line 60 replaced by U+FFFD.
Invalid UTF-8 byte or sequence at line 60 replaced by U+FFFD.
Invalid UTF-8 byte or sequence at line 60 replaced by U+FFFD.
Invalid UTF-8 byte or sequence at line 60 replaced by U+FFFD.
Invalid UTF-8 byte or sequence at line 60 replaced by U+FFFD.
Invalid UTF-8 byte or sequence at line 60 replaced by U+FFFD.
Invalid UTF-8 byte or sequence at line 60 replaced by U+FFFD.
Invalid UTF-8 byte or sequence at line 60 replaced by U+FFFD.
Invalid UTF-8 byte or sequence at line 60 replaced by U+FFFD.
Invalid UTF-8 byte or sequence at line 60 replaced by U+FFFD.
Invalid UTF-8 byte or sequence at line 60 replaced by U+FFFD.
Invalid UTF-8 byte or sequence at line 60 replaced by U+FFFD.
Invalid UTF-8 byte or sequence at line 60 replaced by U+FFFD.
Invalid UTF-8 byte or sequence at line 60 replaced by U+FFFD.
Invalid UTF-8 byte or sequence at line 60 replaced by U+FFFD.
Invalid UTF-8 byte or sequence at line 60 replaced by U+FFFD.
Invalid UTF-8 byte or sequence at line 60 replaced by U+FFFD.
Invalid UTF-8 byte or sequence at line 60 replaced by U+FFFD.
Invalid UTF-8 byte or sequence at line 60 replaced by U+FFFD.
Invalid UTF-8 byte or sequence at line 60 replaced by U+FFFD.
Invalid UTF-8 byte or sequence at line 60 replaced by U+FFFD.
Invalid UTF-8 byte or sequence at line 60 replaced by U+FFFD.
Invalid UTF-8 byte or sequence at line 60 replaced by U+FFFD.
Invalid UTF-8 byte or sequence at line 60 replaced by U+FFFD.
Invalid UTF-8 byte or sequence at line 60 replaced by U+FFFD.
Invalid UTF-8 byte or sequence at line 60 replaced by U+FFFD.
Invalid UTF-8 byte or sequence at line 60 replaced by U+FFFD.
Invalid UTF-8 byte or sequence at line 60 replaced by U+FFFD.
Invalid UTF-8 byte or sequence at line 60 replaced by U+FFFD.
Invalid UTF-8 byte or sequence at line 60 replaced by U+FFFD.
Invalid UTF-8 byte or sequence at line 60 replaced by U+FFFD.
Invalid UTF-8 byte or sequence at line 60 replaced by U+FFFD.
Invalid UTF-8 byte or sequence at line 60 replaced by U+FFFD.
Invalid UTF-8 byte or sequence at line 60 replaced by U+FFFD.
Invalid UTF-8 byte or sequence at line 60 replaced by U+FFFD.
Invalid UTF-8 byte or sequence at line 60 replaced by U+FFFD.
Invalid UTF-8 byte or sequence at line 60 replaced by U+FFFD.
Invalid UTF-8 byte or sequence at line 60 replaced by U+FFFD.
Invalid UTF-8 byte or sequence at line 60 replaced by U+FFFD.
Invalid UTF-8 byte or sequence at line 60 replaced by U+FFFD.
Invalid UTF-8 byte or sequence at line 60 replaced by U+FFFD.
Invalid UTF-8 byte or sequence at line 60 replaced by U+FFFD.
Invalid UTF-8 byte or sequence at line 60 replaced by U+FFFD.
Invalid UTF-8 byte or sequence at line 60 replaced by U+FFFD.
Invalid UTF-8 byte or sequence at line 60 replaced by U+FFFD.
Invalid UTF-8 byte or sequence at line 60 replaced by U+FFFD.
Invalid UTF-8 byte or sequence at line 60 replaced by U+FFFD.
Invalid UTF-8 byte or sequence at line 60 replaced by U+FFFD.
Invalid UTF-8 byte or sequence at line 60 replaced by U+FFFD.
Invalid UTF-8 byte or sequence at line 60 replaced by U+FFFD.
Invalid UTF-8 byte or sequence at line 60 replaced by U+FFFD.
Invalid UTF-8 byte or sequence at line 60 replaced by U+FFFD.
Invalid UTF-8 byte or sequence at line 60 replaced by U+FFFD.
Invalid UTF-8 byte or sequence at line 60 replaced by U+FFFD.
Invalid UTF-8 byte or sequence at line 60 replaced by U+FFFD.
Invalid UTF-8 byte or sequence at line 60 replaced by U+FFFD.
Invalid UTF-8 byte or sequence at line 60 replaced by U+FFFD.
Invalid UTF-8 byte or sequence at line 60 replaced by U+FFFD.
Invalid UTF-8 byte or sequence at line 60 replaced by U+FFFD.
Invalid UTF-8 byte or sequence at line 60 replaced by U+FFFD.
Invalid UTF-8 byte or sequence at line 60 replaced by U+FFFD.
Invalid UTF-8 byte or sequence at line 60 replaced by U+FFFD.
Invalid UTF-8 byte or sequence at line 60 replaced by U+FFFD.
Invalid UTF-8 byte or sequence at line 60 replaced by U+FFFD.
Invalid UTF-8 byte or sequence at line 60 replaced by U+FFFD.
Invalid UTF-8 byte or sequence at line 60 replaced by U+FFFD.
Invalid UTF-8 byte or sequence at line 60 replaced by U+FFFD.
Invalid UTF-8 byte or sequence at line 60 replaced by U+FFFD.
Invalid UTF-8 byte or sequence at line 60 replaced by U+FFFD.
Invalid UTF-8 byte or sequence at line 60 replaced by U+FFFD.
Invalid UTF-8 byte or sequence at line 60 replaced by U+FFFD.
Invalid UTF-8 byte or sequence at line 60 replaced by U+FFFD.
Invalid UTF-8 byte or sequence at line 60 replaced by U+FFFD.
Invalid UTF-8 byte or sequence at line 60 replaced by U+FFFD.
Invalid UTF-8 byte or sequence at line 60 replaced by U+FFFD.
Invalid UTF-8 byte or sequence at line 60 replaced by U+FFFD.
Invalid UTF-8 byte or sequence at line 60 replaced by U+FFFD.
Invalid UTF-8 byte or sequence at line 60 replaced by U+FFFD.
Invalid UTF-8 byte or sequence at line 60 replaced by U+FFFD.
Invalid UTF-8 byte or sequence at line 60 replaced by U+FFFD.
Invalid UTF-8 byte or sequence at line 60 replaced by U+FFFD.
Invalid UTF-8 byte or sequence at line 60 replaced by U+FFFD.
Invalid UTF-8 byte or sequence at line 60 replaced by U+FFFD.
Invalid UTF-8 byte or sequence at line 60 replaced by U+FFFD.
Invalid UTF-8 byte or sequence at line 60 replaced by U+FFFD.
Invalid UTF-8 byte or sequence at line 60 replaced by U+FFFD.
Invalid UTF-8 byte or sequence at line 60 replaced by U+FFFD.
Invalid UTF-8 byte or sequence at line 60 replaced by U+FFFD.
Invalid UTF-8 byte or sequence at line 60 replaced by U+FFFD.
Invalid UTF-8 byte or sequence at line 60 replaced by U+FFFD.
Invalid UTF-8 byte or sequence at line 60 replaced by U+FFFD.
Invalid UTF-8 byte or sequence at line 60 replaced by U+FFFD.
Invalid UTF-8 byte or sequence at line 60 replaced by U+FFFD.
Invalid UTF-8 byte or sequence at line 60 replaced by U+FFFD.
Invalid UTF-8 byte or sequence at line 60 replaced by U+FFFD.
Invalid UTF-8 byte or sequence at line 60 replaced by U+FFFD.
Invalid UTF-8 byte or sequence at line 60 replaced by U+FFFD.
Invalid UTF-8 byte or sequence at line 60 replaced by U+FFFD.
Invalid UTF-8 byte or sequence at line 60 replaced by U+FFFD.
Invalid UTF-8 byte or sequence at line 60 replaced by U+FFFD.
Invalid UTF-8 byte or sequence at line 60 replaced by U+FFFD.
Invalid UTF-8 byte or sequence at line 60 replaced by U+FFFD.
Invalid UTF-8 byte or sequence at line 60 replaced by U+FFFD.
Invalid UTF-8 byte or sequence at line 60 replaced by U+FFFD.
Invalid UTF-8 byte or sequence at line 60 replaced by U+FFFD.
Invalid UTF-8 byte or sequence at line 60 replaced by U+FFFD.
Invalid UTF-8 byte or sequence at line 60 replaced by U+FFFD.
Invalid UTF-8 byte or sequence at line 60 replaced by U+FFFD.
Invalid UTF-8 byte or sequence at line 60 replaced by U+FFFD.
Invalid UTF-8 byte or sequence at line 60 replaced by U+FFFD.
Invalid UTF-8 byte or sequence at line 60 replaced by U+FFFD.
Invalid UTF-8 byte or sequence at line 60 replaced by U+FFFD.
Invalid UTF-8 byte or sequence at line 60 replaced by U+FFFD.
Invalid UTF-8 byte or sequence at line 60 replaced by U+FFFD.
Invalid UTF-8 byte or sequence at line 60 replaced by U+FFFD.
Invalid UTF-8 byte or sequence at line 60 replaced by U+FFFD.
Invalid UTF-8 byte or sequence at line 60 replaced by U+FFFD.
Invalid UTF-8 byte or sequence at line 60 replaced by U+FFFD.
Invalid UTF-8 byte or sequence at line 60 replaced by U+FFFD.
Invalid UTF-8 byte or sequence at line 60 replaced by U+FFFD.
Invalid UTF-8 byte or sequence at line 60 replaced by U+FFFD.
Invalid UTF-8 byte or sequence at line 60 replaced by U+FFFD.
Invalid UTF-8 byte or sequence at line 60 replaced by U+FFFD.
Invalid UTF-8 byte or sequence at line 60 replaced by U+FFFD.
Invalid UTF-8 byte or sequence at line 60 replaced by U+FFFD.
Invalid UTF-8 byte or sequence at line 60 replaced by U+FFFD.
Invalid UTF-8 byte or sequence at line 60 replaced by U+FFFD.
Invalid UTF-8 byte or sequence at line 60 replaced by U+FFFD.
Invalid UTF-8 byte or sequence at line 60 replaced by U+FFFD.
Invalid UTF-8 byte or sequence at line 60 replaced by U+FFFD.
Invalid UTF-8 byte or sequence at line 60 replaced by U+FFFD.
Invalid UTF-8 byte or sequence at line 60 replaced by U+FFFD.
Invalid UTF-8 byte or sequence at line 60 replaced by U+FFFD.
Invalid UTF-8 byte or sequence at line 60 replaced by U+FFFD.
Invalid UTF-8 byte or sequence at line 60 replaced by U+FFFD.
Invalid UTF-8 byte or sequence at line 60 replaced by U+FFFD.
Invalid UTF-8 byte or sequence at line 60 replaced by U+FFFD.
Invalid UTF-8 byte or sequence at line 60 replaced by U+FFFD.
Invalid UTF-8 byte or sequence at line 60 replaced by U+FFFD.
Invalid UTF-8 byte or sequence at line 60 replaced by U+FFFD.
Invalid UTF-8 byte or sequence at line 60 replaced by U+FFFD.
Invalid UTF-8 byte or sequence at line 60 replaced by U+FFFD.
Invalid UTF-8 byte or sequence at line 60 replaced by U+FFFD.
Invalid UTF-8 byte or sequence at line 60 replaced by U+FFFD.
Invalid UTF-8 byte or sequence at line 60 replaced by U+FFFD.
Invalid UTF-8 byte or sequence at line 60 replaced by U+FFFD.
Invalid UTF-8 byte or sequence at line 60 replaced by U+FFFD.
Invalid UTF-8 byte or sequence at line 60 replaced by U+FFFD.
Invalid UTF-8 byte or sequence at line 60 replaced by U+FFFD.
Invalid UTF-8 byte or sequence at line 60 replaced by U+FFFD.
Invalid UTF-8 byte or sequence at line 60 replaced by U+FFFD.
Invalid UTF-8 byte or sequence at line 60 replaced by U+FFFD.
Invalid UTF-8 byte or sequence at line 60 replaced by U+FFFD.
Invalid UTF-8 byte or sequence at line 60 replaced by U+FFFD.
Invalid UTF-8 byte or sequence at line 60 replaced by U+FFFD.
Invalid UTF-8 byte or sequence at line 60 replaced by U+FFFD.
Invalid UTF-8 byte or sequence at line 60 replaced by U+FFFD.
Invalid UTF-8 byte or sequence at line 60 replaced by U+FFFD.
Invalid UTF-8 byte or sequence at line 60 replaced by U+FFFD.
Invalid UTF-8 byte or sequence at line 60 replaced by U+FFFD.
Invalid UTF-8 byte or sequence at line 60 replaced by U+FFFD.
Invalid UTF-8 byte or sequence at line 60 replaced by U+FFFD.
Invalid UTF-8 byte or sequence at line 60 replaced by U+FFFD.
Invalid UTF-8 byte or sequence at line 60 replaced by U+FFFD.
Invalid UTF-8 byte or sequence at line 60 replaced by U+FFFD.
Invalid UTF-8 byte or sequence at line 60 replaced by U+FFFD.
Invalid UTF-8 byte or sequence at line 60 replaced by U+FFFD.
Invalid UTF-8 byte or sequence at line 60 replaced by U+FFFD.
Invalid UTF-8 byte or sequence at line 60 replaced by U+FFFD.
Invalid UTF-8 byte or sequence at line 60 replaced by U+FFFD.
Invalid UTF-8 byte or sequence at line 60 replaced by U+FFFD.
Invalid UTF-8 byte or sequence at line 60 replaced by U+FFFD.
Invalid UTF-8 byte or sequence at line 60 replaced by U+FFFD.
Invalid UTF-8 byte or sequence at line 60 replaced by U+FFFD.
Invalid UTF-8 byte or sequence at line 60 replaced by U+FFFD.
Invalid UTF-8 byte or sequence at line 60 replaced by U+FFFD.
Invalid UTF-8 byte or sequence at line 60 replaced by U+FFFD.
Invalid UTF-8 byte or sequence at line 60 replaced by U+FFFD.
Invalid UTF-8 byte or sequence at line 60 replaced by U+FFFD.
Invalid UTF-8 byte or sequence at line 60 replaced by U+FFFD.
Invalid UTF-8 byte or sequence at line 60 replaced by U+FFFD.
Invalid UTF-8 byte or sequence at line 60 replaced by U+FFFD.
Invalid UTF-8 byte or sequence at line 60 replaced by U+FFFD.
Invalid UTF-8 byte or sequence at line 60 replaced by U+FFFD.
Invalid UTF-8 byte or sequence at line 60 replaced by U+FFFD.
Invalid UTF-8 byte or sequence at line 60 replaced by U+FFFD.
Invalid UTF-8 byte or sequence at line 60 replaced by U+FFFD.
Invalid UTF-8 byte or sequence at line 60 replaced by U+FFFD.
Invalid UTF-8 byte or sequence at line 60 replaced by U+FFFD.
Invalid UTF-8 byte or sequence at line 60 replaced by U+FFFD.
Invalid UTF-8 byte or sequence at line 60 replaced by U+FFFD.
Invalid UTF-8 byte or sequence at line 60 replaced by U+FFFD.
Invalid UTF-8 byte or sequence at line 60 replaced by U+FFFD.
Invalid UTF-8 byte or sequence at line 60 replaced by U+FFFD.
Invalid UTF-8 byte or sequence at line 60 replaced by U+FFFD.
Invalid UTF-8 byte or sequence at line 60 replaced by U+FFFD.
Invalid UTF-8 byte or sequence at line 60 replaced by U+FFFD.
Invalid UTF-8 byte or sequence at line 60 replaced by U+FFFD.
Invalid UTF-8 byte or sequence at line 60 replaced by U+FFFD.
Invalid UTF-8 byte or sequence at line 60 replaced by U+FFFD.
Invalid UTF-8 byte or sequence at line 60 replaced by U+FFFD.
Invalid UTF-8 byte or sequence at line 60 replaced by U+FFFD.
Invalid UTF-8 byte or sequence at line 60 replaced by U+FFFD.
Invalid UTF-8 byte or sequence at line 60 replaced by U+FFFD.
Invalid UTF-8 byte or sequence at line 60 replaced by U+FFFD.
Invalid UTF-8 byte or sequence at line 60 replaced by U+FFFD.
Invalid UTF-8 byte or sequence at line 60 replaced by U+FFFD.
Invalid UTF-8 byte or sequence at line 60 replaced by U+FFFD.
Invalid UTF-8 byte or sequence at line 60 replaced by U+FFFD.
Invalid UTF-8 byte or sequence at line 60 replaced by U+FFFD.
Invalid UTF-8 byte or sequence at line 60 replaced by U+FFFD.
Invalid UTF-8 byte or sequence at line 60 replaced by U+FFFD.
Invalid UTF-8 byte or sequence at line 60 replaced by U+FFFD.
Invalid UTF-8 byte or sequence at line 60 replaced by U+FFFD.
Invalid UTF-8 byte or sequence at line 60 replaced by U+FFFD.
Invalid UTF-8 byte or sequence at line 60 replaced by U+FFFD.
Invalid UTF-8 byte or sequence at line 60 replaced by U+FFFD.
Invalid UTF-8 byte or sequence at line 60 replaced by U+FFFD.
Invalid UTF-8 byte or sequence at line 60 replaced by U+FFFD.
Invalid UTF-8 byte or sequence at line 60 replaced by U+FFFD.
Invalid UTF-8 byte or sequence at line 60 replaced by U+FFFD.
Invalid UTF-8 byte or sequence at line 60 replaced by U+FFFD.
Invalid UTF-8 byte or sequence at line 60 replaced by U+FFFD.
Invalid UTF-8 byte or sequence at line 60 replaced by U+FFFD.
Invalid UTF-8 byte or sequence at line 60 replaced by U+FFFD.
Invalid UTF-8 byte or sequence at line 60 replaced by U+FFFD.
Invalid UTF-8 byte or sequence at line 60 replaced by U+FFFD.
Invalid UTF-8 byte or sequence at line 60 replaced by U+FFFD.
Invalid UTF-8 byte or sequence at line 60 replaced by U+FFFD.
Invalid UTF-8 byte or sequence at line 60 replaced by U+FFFD.
Invalid UTF-8 byte or sequence at line 60 replaced by U+FFFD.
Invalid UTF-8 byte or sequence at line 60 replaced by U+FFFD.
Invalid UTF-8 byte or sequence at line 60 replaced by U+FFFD.
Invalid UTF-8 byte or sequence at line 60 replaced by U+FFFD.
Invalid UTF-8 byte or sequence at line 60 replaced by U+FFFD.
Invalid UTF-8 byte or sequence at line 60 replaced by U+FFFD.
Invalid UTF-8 byte or sequence at line 60 replaced by U+FFFD.
Invalid UTF-8 byte or sequence at line 60 replaced by U+FFFD.
Invalid UTF-8 byte or sequence at line 60 replaced by U+FFFD.
Invalid UTF-8 byte or sequence at line 60 replaced by U+FFFD.
Invalid UTF-8 byte or sequence at line 60 replaced by U+FFFD.
Invalid UTF-8 byte or sequence at line 60 replaced by U+FFFD.
Invalid UTF-8 byte or sequence at line 60 replaced by U+FFFD.
Invalid UTF-8 byte or sequence at line 60 replaced by U+FFFD.
Invalid UTF-8 byte or sequence at line 60 replaced by U+FFFD.
Invalid UTF-8 byte or sequence at line 60 replaced by U+FFFD.
Invalid UTF-8 byte or sequence at line 60 replaced by U+FFFD.
Invalid UTF-8 byte or sequence at line 60 replaced by U+FFFD.
Invalid UTF-8 byte or sequence at line 60 replaced by U+FFFD.
Invalid UTF-8 byte or sequence at line 60 replaced by U+FFFD.
Invalid UTF-8 byte or sequence at line 60 replaced by U+FFFD.
Invalid UTF-8 byte or sequence at line 60 replaced by U+FFFD.
Invalid UTF-8 byte or sequence at line 60 replaced by U+FFFD.
Invalid UTF-8 byte or sequence at line 60 replaced by U+FFFD.
Invalid UTF-8 byte or sequence at line 60 replaced by U+FFFD.
Invalid UTF-8 byte or sequence at line 60 replaced by U+FFFD.
Invalid UTF-8 byte or sequence at line 60 replaced by U+FFFD.
Invalid UTF-8 byte or sequence at line 60 replaced by U+FFFD.
Invalid UTF-8 byte or sequence at line 60 replaced by U+FFFD.
Invalid UTF-8 byte or sequence at line 60 replaced by U+FFFD.
Invalid UTF-8 byte or sequence at line 60 replaced by U+FFFD.
Invalid UTF-8 byte or sequence at line 60 replaced by U+FFFD.
Invalid UTF-8 byte or sequence at line 60 replaced by U+FFFD.
Invalid UTF-8 byte or sequence at line 60 replaced by U+FFFD.
Invalid UTF-8 byte or sequence at line 60 replaced by U+FFFD.
Invalid UTF-8 byte or sequence at line 60 replaced by U+FFFD.
Invalid UTF-8 byte or sequence at line 60 replaced by U+FFFD.
Invalid UTF-8 byte or sequence at line 60 replaced by U+FFFD.
Invalid UTF-8 byte or sequence at line 60 replaced by U+FFFD.
Invalid UTF-8 byte or sequence at line 60 replaced by U+FFFD.
Invalid UTF-8 byte or sequence at line 60 replaced by U+FFFD.
Invalid UTF-8 byte or sequence at line 60 replaced by U+FFFD.
Invalid UTF-8 byte or sequence at line 60 replaced by U+FFFD.
Invalid UTF-8 byte or sequence at line 60 replaced by U+FFFD.
Invalid UTF-8 byte or sequence at line 60 replaced by U+FFFD.
Invalid UTF-8 byte or sequence at line 60 replaced by U+FFFD.
Invalid UTF-8 byte or sequence at line 60 replaced by U+FFFD.
Invalid UTF-8 byte or sequence at line 60 replaced by U+FFFD.
Invalid UTF-8 byte or sequence at line 60 replaced by U+FFFD.
Invalid UTF-8 byte or sequence at line 60 replaced by U+FFFD.
Invalid UTF-8 byte or sequence at line 60 replaced by U+FFFD.
Invalid UTF-8 byte or sequence at line 60 replaced by U+FFFD.
Invalid UTF-8 byte or sequence at line 60 replaced by U+FFFD.
Invalid UTF-8 byte or sequence at line 60 replaced by U+FFFD.
Invalid UTF-8 byte or sequence at line 60 replaced by U+FFFD.
Invalid UTF-8 byte or sequence at line 60 replaced by U+FFFD.
Invalid UTF-8 byte or sequence at line 60 replaced by U+FFFD.
Invalid UTF-8 byte or sequence at line 60 replaced by U+FFFD.
Invalid UTF-8 byte or sequence at line 60 replaced by U+FFFD.
Invalid UTF-8 byte or sequence at line 60 replaced by U+FFFD.
Invalid UTF-8 byte or sequence at line 60 replaced by U+FFFD.
Invalid UTF-8 byte or sequence at line 60 replaced by U+FFFD.
Invalid UTF-8 byte or sequence at line 60 replaced by U+FFFD.
Invalid UTF-8 byte or sequence at line 60 replaced by U+FFFD.
Invalid UTF-8 byte or sequence at line 60 replaced by U+FFFD.
Invalid UTF-8 byte or sequence at line 60 replaced by U+FFFD.
Invalid UTF-8 byte or sequence at line 60 replaced by U+FFFD.
Invalid UTF-8 byte or sequence at line 60 replaced by U+FFFD.
Invalid UTF-8 byte or sequence at line 60 replaced by U+FFFD.
Invalid UTF-8 byte or sequence at line 60 replaced by U+FFFD.
Invalid UTF-8 byte or sequence at line 60 replaced by U+FFFD.
Invalid UTF-8 byte or sequence at line 60 replaced by U+FFFD.
Invalid UTF-8 byte or sequence at line 60 replaced by U+FFFD.
Invalid UTF-8 byte or sequence at line 60 replaced by U+FFFD.
Invalid UTF-8 byte or sequence at line 60 replaced by U+FFFD.
Invalid UTF-8 byte or sequence at line 60 replaced by U+FFFD.
Invalid UTF-8 byte or sequence at line 60 replaced by U+FFFD.
Invalid UTF-8 byte or sequence at line 60 replaced by U+FFFD.
Invalid UTF-8 byte or sequence at line 60 replaced by U+FFFD.
Invalid UTF-8 byte or sequence at line 60 replaced by U+FFFD.
Invalid UTF-8 byte or sequence at line 60 replaced by U+FFFD.
Invalid UTF-8 byte or sequence at line 60 replaced by U+FFFD.
Invalid UTF-8 byte or sequence at line 60 replaced by U+FFFD.
Invalid UTF-8 byte or sequence at line 60 replaced by U+FFFD.
Invalid UTF-8 byte or sequence at line 60 replaced by U+FFFD.
Invalid UTF-8 byte or sequence at line 60 replaced by U+FFFD.
Invalid UTF-8 byte or sequence at line 60 replaced by U+FFFD.
Invalid UTF-8 byte or sequence at line 60 replaced by U+FFFD.
Invalid UTF-8 byte or sequence at line 60 replaced by U+FFFD.
Invalid UTF-8 byte or sequence at line 60 replaced by U+FFFD.
Invalid UTF-8 byte or sequence at line 60 replaced by U+FFFD.
Invalid UTF-8 byte or sequence at line 60 replaced by U+FFFD.
Invalid UTF-8 byte or sequence at line 60 replaced by U+FFFD.
Invalid UTF-8 byte or sequence at line 60 replaced by U+FFFD.
Invalid UTF-8 byte or sequence at line 60 replaced by U+FFFD.
Invalid UTF-8 byte or sequence at line 60 replaced by U+FFFD.
Invalid UTF-8 byte or sequence at line 60 replaced by U+FFFD.
Invalid UTF-8 byte or sequence at line 60 replaced by U+FFFD.
Invalid UTF-8 byte or sequence at line 60 replaced by U+FFFD.
Invalid UTF-8 byte or sequence at line 60 replaced by U+FFFD.
Invalid UTF-8 byte or sequence at line 60 replaced by U+FFFD.
Invalid UTF-8 byte or sequence at line 60 replaced by U+FFFD.
Invalid UTF-8 byte or sequence at line 60 replaced by U+FFFD.
Invalid UTF-8 byte or sequence at line 60 replaced by U+FFFD.
Invalid UTF-8 byte or sequence at line 60 replaced by U+FFFD.
Invalid UTF-8 byte or sequence at line 60 replaced by U+FFFD.
Invalid UTF-8 byte or sequence at line 60 replaced by U+FFFD.
Invalid UTF-8 byte or sequence at line 60 replaced by U+FFFD.
Invalid UTF-8 byte or sequence at line 60 replaced by U+FFFD.
Invalid UTF-8 byte or sequence at line 60 replaced by U+FFFD.
Invalid UTF-8 byte or sequence at line 60 replaced by U+FFFD.
Invalid UTF-8 byte or sequence at line 60 replaced by U+FFFD.
Invalid UTF-8 byte or sequence at line 60 replaced by U+FFFD.
Invalid UTF-8 byte or sequence at line 60 replaced by U+FFFD.
Invalid UTF-8 byte or sequence at line 60 replaced by U+FFFD.
Invalid UTF-8 byte or sequence at line 60 replaced by U+FFFD.
Invalid UTF-8 byte or sequence at line 60 replaced by U+FFFD.
Invalid UTF-8 byte or sequence at line 60 replaced by U+FFFD.
Invalid UTF-8 byte or sequence at line 60 replaced by U+FFFD.
Invalid UTF-8 byte or sequence at line 60 replaced by U+FFFD.
Invalid UTF-8 byte or sequence at line 60 replaced by U+FFFD.
Invalid UTF-8 byte or sequence at line 60 replaced by U+FFFD.
Invalid UTF-8 byte or sequence at line 60 replaced by U+FFFD.
Invalid UTF-8 byte or sequence at line 60 replaced by U+FFFD.
Invalid UTF-8 byte or sequence at line 60 replaced by U+FFFD.
Invalid UTF-8 byte or sequence at line 60 replaced by U+FFFD.
Invalid UTF-8 byte or sequence at line 60 replaced by U+FFFD.
Invalid UTF-8 byte or sequence at line 60 replaced by U+FFFD.
Invalid UTF-8 byte or sequence at line 60 replaced by U+FFFD.
Invalid UTF-8 byte or sequence at line 60 replaced by U+FFFD.
Invalid UTF-8 byte or sequence at line 60 replaced by U+FFFD.
Invalid UTF-8 byte or sequence at line 60 replaced by U+FFFD.
Invalid UTF-8 byte or sequence at line 60 replaced by U+FFFD.
Invalid UTF-8 byte or sequence at line 60 replaced by U+FFFD.
Invalid UTF-8 byte or sequence at line 60 replaced by U+FFFD.
Invalid UTF-8 byte or sequence at line 60 replaced by U+FFFD.
Invalid UTF-8 byte or sequence at line 60 replaced by U+FFFD.
Invalid UTF-8 byte or sequence at line 60 replaced by U+FFFD.
Invalid UTF-8 byte or sequence at line 60 replaced by U+FFFD.
Invalid UTF-8 byte or sequence at line 60 replaced by U+FFFD.
Invalid UTF-8 byte or sequence at line 60 replaced by U+FFFD.
Invalid UTF-8 byte or sequence at line 60 replaced by U+FFFD.
Invalid UTF-8 byte or sequence at line 60 replaced by U+FFFD.
Invalid UTF-8 byte or sequence at line 60 replaced by U+FFFD.
Invalid UTF-8 byte or sequence at line 60 replaced by U+FFFD.
Invalid UTF-8 byte or sequence at line 60 replaced by U+FFFD.
Invalid UTF-8 byte or sequence at line 60 replaced by U+FFFD.
Invalid UTF-8 byte or sequence at line 60 replaced by U+FFFD.
Invalid UTF-8 byte or sequence at line 60 replaced by U+FFFD.
Invalid UTF-8 byte or sequence at line 60 replaced by U+FFFD.
Invalid UTF-8 byte or sequence at line 60 replaced by U+FFFD.
Invalid UTF-8 byte or sequence at line 60 replaced by U+FFFD.
Invalid UTF-8 byte or sequence at line 60 replaced by U+FFFD.
Invalid UTF-8 byte or sequence at line 60 replaced by U+FFFD.
Invalid UTF-8 byte or sequence at line 60 replaced by U+FFFD.
Invalid UTF-8 byte or sequence at line 60 replaced by U+FFFD.
Invalid UTF-8 byte or sequence at line 60 replaced by U+FFFD.
Invalid UTF-8 byte or sequence at line 60 replaced by U+FFFD.
Invalid UTF-8 byte or sequence at line 60 replaced by U+FFFD.
Invalid UTF-8 byte or sequence at line 60 replaced by U+FFFD.
Invalid UTF-8 byte or sequence at line 60 replaced by U+FFFD.
Invalid UTF-8 byte or sequence at line 60 replaced by U+FFFD.
Invalid UTF-8 byte or sequence at line 60 replaced by U+FFFD.
Invalid UTF-8 byte or sequence at line 60 replaced by U+FFFD.
Invalid UTF-8 byte or sequence at line 60 replaced by U+FFFD.
Invalid UTF-8 byte or sequence at line 60 replaced by U+FFFD.
Invalid UTF-8 byte or sequence at line 60 replaced by U+FFFD.
Invalid UTF-8 byte or sequence at line 60 replaced by U+FFFD.
Invalid UTF-8 byte or sequence at line 60 replaced by U+FFFD.
Invalid UTF-8 byte or sequence at line 60 replaced by U+FFFD.
Invalid UTF-8 byte or sequence at line 60 replaced by U+FFFD.
Invalid UTF-8 byte or sequence at line 60 replaced by U+FFFD.
Invalid UTF-8 byte or sequence at line 60 replaced by U+FFFD.
Invalid UTF-8 byte or sequence at line 60 replaced by U+FFFD.
Invalid UTF-8 byte or sequence at line 60 replaced by U+FFFD.
Invalid UTF-8 byte or sequence at line 60 replaced by U+FFFD.
Invalid UTF-8 byte or sequence at line 60 replaced by U+FFFD.
Invalid UTF-8 byte or sequence at line 60 replaced by U+FFFD.
Invalid UTF-8 byte or sequence at line 60 replaced by U+FFFD.
Invalid UTF-8 byte or sequence at line 60 replaced by U+FFFD.
Invalid UTF-8 byte or sequence at line 60 replaced by U+FFFD.
Invalid UTF-8 byte or sequence at line 60 replaced by U+FFFD.
Invalid UTF-8 byte or sequence at line 60 replaced by U+FFFD.
Invalid UTF-8 byte or sequence at line 60 replaced by U+FFFD.
Invalid UTF-8 byte or sequence at line 60 replaced by U+FFFD.
Invalid UTF-8 byte or sequence at line 60 replaced by U+FFFD.
Invalid UTF-8 byte or sequence at line 60 replaced by U+FFFD.
Invalid UTF-8 byte or sequence at line 60 replaced by U+FFFD.
Invalid UTF-8 byte or sequence at line 60 replaced by U+FFFD.
Invalid UTF-8 byte or sequence at line 60 replaced by U+FFFD.
Invalid UTF-8 byte or sequence at line 60 replaced by U+FFFD.
Invalid UTF-8 byte or sequence at line 60 replaced by U+FFFD.
Invalid UTF-8 byte or sequence at line 60 replaced by U+FFFD.
Invalid UTF-8 byte or sequence at line 60 replaced by U+FFFD.
Invalid UTF-8 byte or sequence at line 60 replaced by U+FFFD.
Invalid UTF-8 byte or sequence at line 60 replaced by U+FFFD.
Invalid UTF-8 byte or sequence at line 60 replaced by U+FFFD.
Invalid UTF-8 byte or sequence at line 60 replaced by U+FFFD.
Invalid UTF-8 byte or sequence at line 60 replaced by U+FFFD.
Invalid UTF-8 byte or sequence at line 60 replaced by U+FFFD.
Invalid UTF-8 byte or sequence at line 60 replaced by U+FFFD.
Invalid UTF-8 byte or sequence at line 60 replaced by U+FFFD.
Invalid UTF-8 byte or sequence at line 60 replaced by U+FFFD.
Invalid UTF-8 byte or sequence at line 60 replaced by U+FFFD.
Invalid UTF-8 byte or sequence at line 60 replaced by U+FFFD.
Invalid UTF-8 byte or sequence at line 60 replaced by U+FFFD.
Invalid UTF-8 byte or sequence at line 60 replaced by U+FFFD.
Invalid UTF-8 byte or sequence at line 60 replaced by U+FFFD.
Invalid UTF-8 byte or sequence at line 60 replaced by U+FFFD.
Invalid UTF-8 byte or sequence at line 60 replaced by U+FFFD.
Invalid UTF-8 byte or sequence at line 60 replaced by U+FFFD.
Invalid UTF-8 byte or sequence at line 60 replaced by U+FFFD.
Invalid UTF-8 byte or sequence at line 60 replaced by U+FFFD.
Invalid UTF-8 byte or sequence at line 60 replaced by U+FFFD.
Invalid UTF-8 byte or sequence at line 60 replaced by U+FFFD.
Invalid UTF-8 byte or sequence at line 60 replaced by U+FFFD.
Invalid UTF-8 byte or sequence at line 60 replaced by U+FFFD.
Invalid UTF-8 byte or sequence at line 60 replaced by U+FFFD.
Invalid UTF-8 byte or sequence at line 60 replaced by U+FFFD.
Invalid UTF-8 byte or sequence at line 60 replaced by U+FFFD.
Invalid UTF-8 byte or sequence at line 60 replaced by U+FFFD.
Invalid UTF-8 byte or sequence at line 60 replaced by U+FFFD.
Invalid UTF-8 byte or sequence at line 60 replaced by U+FFFD.
Invalid UTF-8 byte or sequence at line 60 replaced by U+FFFD.
Invalid UTF-8 byte or sequence at line 60 replaced by U+FFFD.
Invalid UTF-8 byte or sequence at line 60 replaced by U+FFFD.
Invalid UTF-8 byte or sequence at line 60 replaced by U+FFFD.
Invalid UTF-8 byte or sequence at line 60 replaced by U+FFFD.
Invalid UTF-8 byte or sequence at line 60 replaced by U+FFFD.
Invalid UTF-8 byte or sequence at line 60 replaced by U+FFFD.
Invalid UTF-8 byte or sequence at line 60 replaced by U+FFFD.
Invalid UTF-8 byte or sequence at line 60 replaced by U+FFFD.
Invalid UTF-8 byte or sequence at line 60 replaced by U+FFFD.
Invalid UTF-8 byte or sequence at line 60 replaced by U+FFFD.
Invalid UTF-8 byte or sequence at line 60 replaced by U+FFFD.
Invalid UTF-8 byte or sequence at line 60 replaced by U+FFFD.
Invalid UTF-8 byte or sequence at line 60 replaced by U+FFFD.
Invalid UTF-8 byte or sequence at line 60 replaced by U+FFFD.
Invalid UTF-8 byte or sequence at line 60 replaced by U+FFFD.
Invalid UTF-8 byte or sequence at line 60 replaced by U+FFFD.
Invalid UTF-8 byte or sequence at line 60 replaced by U+FFFD.
Invalid UTF-8 byte or sequence at line 60 replaced by U+FFFD.
Invalid UTF-8 byte or sequence at line 60 replaced by U+FFFD.
Invalid UTF-8 byte or sequence at line 60 replaced by U+FFFD.
Invalid UTF-8 byte or sequence at line 60 replaced by U+FFFD.
Invalid UTF-8 byte or sequence at line 60 replaced by U+FFFD.
Invalid UTF-8 byte or sequence at line 60 replaced by U+FFFD.
Invalid UTF-8 byte or sequence at line 60 replaced by U+FFFD.
Invalid UTF-8 byte or sequence at line 60 replaced by U+FFFD.
Invalid UTF-8 byte or sequence at line 60 replaced by U+FFFD.
Invalid UTF-8 byte or sequence at line 60 replaced by U+FFFD.
Invalid UTF-8 byte or sequence at line 60 replaced by U+FFFD.
Invalid UTF-8 byte or sequence at line 60 replaced by U+FFFD.
Invalid UTF-8 byte or sequence at line 60 replaced by U+FFFD.
Invalid UTF-8 byte or sequence at line 60 replaced by U+FFFD.
Invalid UTF-8 byte or sequence at line 60 replaced by U+FFFD.
Invalid UTF-8 byte or sequence at line 60 replaced by U+FFFD.
Invalid UTF-8 byte or sequence at line 60 replaced by U+FFFD.
Invalid UTF-8 byte or sequence at line 60 replaced by U+FFFD.
Invalid UTF-8 byte or sequence at line 60 replaced by U+FFFD.
Invalid UTF-8 byte or sequence at line 60 replaced by U+FFFD.
Invalid UTF-8 byte or sequence at line 60 replaced by U+FFFD.
Invalid UTF-8 byte or sequence at line 60 replaced by U+FFFD.
Invalid UTF-8 byte or sequence at line 60 replaced by U+FFFD.
Invalid UTF-8 byte or sequence at line 60 replaced by U+FFFD.
Invalid UTF-8 byte or sequence at line 60 replaced by U+FFFD.
Invalid UTF-8 byte or sequence at line 60 replaced by U+FFFD.
Invalid UTF-8 byte or sequence at line 60 replaced by U+FFFD.
Invalid UTF-8 byte or sequence at line 60 replaced by U+FFFD.
Invalid UTF-8 byte or sequence at line 60 replaced by U+FFFD.
Invalid UTF-8 byte or sequence at line 60 replaced by U+FFFD.
Invalid UTF-8 byte or sequence at line 60 replaced by U+FFFD.
Invalid UTF-8 byte or sequence at line 60 replaced by U+FFFD.
Invalid UTF-8 byte or sequence at line 60 replaced by U+FFFD.
Invalid UTF-8 byte or sequence at line 60 replaced by U+FFFD.
Invalid UTF-8 byte or sequence at line 60 replaced by U+FFFD.
Invalid UTF-8 byte or sequence at line 60 replaced by U+FFFD.
Invalid UTF-8 byte or sequence at line 60 replaced by U+FFFD.
Invalid UTF-8 byte or sequence at line 60 replaced by U+FFFD.
Invalid UTF-8 byte or sequence at line 60 replaced by U+FFFD.
Invalid UTF-8 byte or sequence at line 60 replaced by U+FFFD.
Invalid UTF-8 byte or sequence at line 60 replaced by U+FFFD.
Invalid UTF-8 byte or sequence at line 60 replaced by U+FFFD.
Invalid UTF-8 byte or sequence at line 60 replaced by U+FFFD.
Invalid UTF-8 byte or sequence at line 60 replaced by U+FFFD.
Invalid UTF-8 byte or sequence at line 60 replaced by U+FFFD.
Invalid UTF-8 byte or sequence at line 60 replaced by U+FFFD.
Invalid UTF-8 byte or sequence at line 60 replaced by U+FFFD.
Invalid UTF-8 byte or sequence at line 60 replaced by U+FFFD.
Invalid UTF-8 byte or sequence at line 60 replaced by U+FFFD.
Invalid UTF-8 byte or sequence at line 60 replaced by U+FFFD.
Invalid UTF-8 byte or sequence at line 60 replaced by U+FFFD.
Invalid UTF-8 byte or sequence at line 60 replaced by U+FFFD.
Invalid UTF-8 byte or sequence at line 60 replaced by U+FFFD.
Invalid UTF-8 byte or sequence at line 60 replaced by U+FFFD.
Invalid UTF-8 byte or sequence at line 60 replaced by U+FFFD.
Invalid UTF-8 byte or sequence at line 60 replaced by U+FFFD.
Invalid UTF-8 byte or sequence at line 60 replaced by U+FFFD.
Invalid UTF-8 byte or sequence at line 60 replaced by U+FFFD.
Invalid UTF-8 byte or sequence at line 60 replaced by U+FFFD.
Invalid UTF-8 byte or sequence at line 60 replaced by U+FFFD.
Invalid UTF-8 byte or sequence at line 60 replaced by U+FFFD.
Invalid UTF-8 byte or sequence at line 60 replaced by U+FFFD.
Invalid UTF-8 byte or sequence at line 60 replaced by U+FFFD.
Invalid UTF-8 byte or sequence at line 60 replaced by U+FFFD.
Invalid UTF-8 byte or sequence at line 60 replaced by U+FFFD.
Invalid UTF-8 byte or sequence at line 60 replaced by U+FFFD.
Invalid UTF-8 byte or sequence at line 60 replaced by U+FFFD.
Invalid UTF-8 byte or sequence at line 60 replaced by U+FFFD.
Invalid UTF-8 byte or sequence at line 60 replaced by U+FFFD.
Invalid UTF-8 byte or sequence at line 60 replaced by U+FFFD.
Invalid UTF-8 byte or sequence at line 60 replaced by U+FFFD.
Invalid UTF-8 byte or sequence at line 60 replaced by U+FFFD.
Invalid UTF-8 byte or sequence at line 60 replaced by U+FFFD.
Invalid UTF-8 byte or sequence at line 60 replaced by U+FFFD.
Invalid UTF-8 byte or sequence at line 60 replaced by U+FFFD.
Invalid UTF-8 byte or sequence at line 60 replaced by U+FFFD.
Invalid UTF-8 byte or sequence at line 60 replaced by U+FFFD.
Invalid UTF-8 byte or sequence at line 60 replaced by U+FFFD.
Invalid UTF-8 byte or sequence at line 60 replaced by U+FFFD.
Invalid UTF-8 byte or sequence at line 60 replaced by U+FFFD.
Invalid UTF-8 byte or sequence at line 60 replaced by U+FFFD.
Invalid UTF-8 byte or sequence at line 60 replaced by U+FFFD.
Invalid UTF-8 byte or sequence at line 60 replaced by U+FFFD.
Invalid UTF-8 byte or sequence at line 60 replaced by U+FFFD.
Invalid UTF-8 byte or sequence at line 60 replaced by U+FFFD.
Invalid UTF-8 byte or sequence at line 60 replaced by U+FFFD.
Invalid UTF-8 byte or sequence at line 60 replaced by U+FFFD.
Invalid UTF-8 byte or sequence at line 60 replaced by U+FFFD.
Invalid UTF-8 byte or sequence at line 60 replaced by U+FFFD.
Invalid UTF-8 byte or sequence at line 60 replaced by U+FFFD.
Invalid UTF-8 byte or sequence at line 60 replaced by U+FFFD.
Invalid UTF-8 byte or sequence at line 60 replaced by U+FFFD.
Invalid UTF-8 byte or sequence at line 60 replaced by U+FFFD.
Invalid UTF-8 byte or sequence at line 60 replaced by U+FFFD.
Invalid UTF-8 byte or sequence at line 60 replaced by U+FFFD.
Invalid UTF-8 byte or sequence at line 60 replaced by U+FFFD.
Invalid UTF-8 byte or sequence at line 60 replaced by U+FFFD.
Invalid UTF-8 byte or sequence at line 60 replaced by U+FFFD.
Invalid UTF-8 byte or sequence at line 60 replaced by U+FFFD.
Invalid UTF-8 byte or sequence at line 60 replaced by U+FFFD.
Invalid UTF-8 byte or sequence at line 60 replaced by U+FFFD.
Invalid UTF-8 byte or sequence at line 60 replaced by U+FFFD.
Invalid UTF-8 byte or sequence at line 60 replaced by U+FFFD.
Invalid UTF-8 byte or sequence at line 60 replaced by U+FFFD.
Invalid UTF-8 byte or sequence at line 60 replaced by U+FFFD.
Invalid UTF-8 byte or sequence at line 60 replaced by U+FFFD.
Invalid UTF-8 byte or sequence at line 60 replaced by U+FFFD.
Invalid UTF-8 byte or sequence at line 60 replaced by U+FFFD.
Invalid UTF-8 byte or sequence at line 60 replaced by U+FFFD.
Invalid UTF-8 byte or sequence at line 60 replaced by U+FFFD.
Invalid UTF-8 byte or sequence at line 60 replaced by U+FFFD.
Invalid UTF-8 byte or sequence at line 60 replaced by U+FFFD.
Invalid UTF-8 byte or sequence at line 60 replaced by U+FFFD.
Invalid UTF-8 byte or sequence at line 60 replaced by U+FFFD.
Invalid UTF-8 byte or sequence at line 60 replaced by U+FFFD.
Invalid UTF-8 byte or sequence at line 60 replaced by U+FFFD.
Invalid UTF-8 byte or sequence at line 60 replaced by U+FFFD.
Invalid UTF-8 byte or sequence at line 60 replaced by U+FFFD.
Invalid UTF-8 byte or sequence at line 60 replaced by U+FFFD.
Invalid UTF-8 byte or sequence at line 60 replaced by U+FFFD.
Invalid UTF-8 byte or sequence at line 60 replaced by U+FFFD.
Invalid UTF-8 byte or sequence at line 60 replaced by U+FFFD.
Invalid UTF-8 byte or sequence at line 60 replaced by U+FFFD.
Invalid UTF-8 byte or sequence at line 60 replaced by U+FFFD.
Invalid UTF-8 byte or sequence at line 60 replaced by U+FFFD.
Invalid UTF-8 byte or sequence at line 60 replaced by U+FFFD.
Invalid UTF-8 byte or sequence at line 60 replaced by U+FFFD.
Invalid UTF-8 byte or sequence at line 60 replaced by U+FFFD.
Invalid UTF-8 byte or sequence at line 60 replaced by U+FFFD.
Invalid UTF-8 byte or sequence at line 60 replaced by U+FFFD.
Invalid UTF-8 byte or sequence at line 60 replaced by U+FFFD.
Invalid UTF-8 byte or sequence at line 60 replaced by U+FFFD.
Invalid UTF-8 byte or sequence at line 60 replaced by U+FFFD.
Invalid UTF-8 byte or sequence at line 60 replaced by U+FFFD.
Invalid UTF-8 byte or sequence at line 60 replaced by U+FFFD.
Invalid UTF-8 byte or sequence at line 60 replaced by U+FFFD.
Invalid UTF-8 byte or sequence at line 60 replaced by U+FFFD.
Invalid UTF-8 byte or sequence at line 60 replaced by U+FFFD.
Invalid UTF-8 byte or sequence at line 60 replaced by U+FFFD.
Invalid UTF-8 byte or sequence at line 60 replaced by U+FFFD.
Invalid UTF-8 byte or sequence at line 60 replaced by U+FFFD.
Invalid UTF-8 byte or sequence at line 60 replaced by U+FFFD.
Invalid UTF-8 byte or sequence at line 60 replaced by U+FFFD.
Invalid UTF-8 byte or sequence at line 60 replaced by U+FFFD.
Invalid UTF-8 byte or sequence at line 60 replaced by U+FFFD.
Invalid UTF-8 byte or sequence at line 60 replaced by U+FFFD.
Invalid UTF-8 byte or sequence at line 60 replaced by U+FFFD.
Invalid UTF-8 byte or sequence at line 60 replaced by U+FFFD.
Invalid UTF-8 byte or sequence at line 60 replaced by U+FFFD.
Invalid UTF-8 byte or sequence at line 60 replaced by U+FFFD.
Invalid UTF-8 byte or sequence at line 60 replaced by U+FFFD.
Invalid UTF-8 byte or sequence at line 60 replaced by U+FFFD.
Invalid UTF-8 byte or sequence at line 60 replaced by U+FFFD.
Invalid UTF-8 byte or sequence at line 60 replaced by U+FFFD.
Invalid UTF-8 byte or sequence at line 60 replaced by U+FFFD.
Invalid UTF-8 byte or sequence at line 60 replaced by U+FFFD.
Invalid UTF-8 byte or sequence at line 60 replaced by U+FFFD.
Invalid UTF-8 byte or sequence at line 60 replaced by U+FFFD.
Invalid UTF-8 byte or sequence at line 60 replaced by U+FFFD.
Invalid UTF-8 byte or sequence at line 60 replaced by U+FFFD.
Invalid UTF-8 byte or sequence at line 60 replaced by U+FFFD.
Invalid UTF-8 byte or sequence at line 60 replaced by U+FFFD.
Invalid UTF-8 byte or sequence at line 60 replaced by U+FFFD.
Invalid UTF-8 byte or sequence at line 60 replaced by U+FFFD.
Invalid UTF-8 byte or sequence at line 60 replaced by U+FFFD.
Invalid UTF-8 byte or sequence at line 60 replaced by U+FFFD.
Invalid UTF-8 byte or sequence at line 60 replaced by U+FFFD.
Invalid UTF-8 byte or sequence at line 60 replaced by U+FFFD.
Invalid UTF-8 byte or sequence at line 60 replaced by U+FFFD.
Invalid UTF-8 byte or sequence at line 60 replaced by U+FFFD.
Invalid UTF-8 byte or sequence at line 60 replaced by U+FFFD.
Invalid UTF-8 byte or sequence at line 60 replaced by U+FFFD.
Invalid UTF-8 byte or sequence at line 60 replaced by U+FFFD.
Invalid UTF-8 byte or sequence at line 60 replaced by U+FFFD.
Invalid UTF-8 byte or sequence at line 60 replaced by U+FFFD.
Invalid UTF-8 byte or sequence at line 60 replaced by U+FFFD.
Invalid UTF-8 byte or sequence at line 60 replaced by U+FFFD.
Invalid UTF-8 byte or sequence at line 60 replaced by U+FFFD.
Invalid UTF-8 byte or sequence at line 60 replaced by U+FFFD.
Invalid UTF-8 byte or sequence at line 60 replaced by U+FFFD.
Invalid UTF-8 byte or sequence at line 60 replaced by U+FFFD.
Invalid UTF-8 byte or sequence at line 60 replaced by U+FFFD.
Invalid UTF-8 byte or sequence at line 60 replaced by U+FFFD.
Invalid UTF-8 byte or sequence at line 60 replaced by U+FFFD.
Invalid UTF-8 byte or sequence at line 60 replaced by U+FFFD.
Invalid UTF-8 byte or sequence at line 60 replaced by U+FFFD.
Invalid UTF-8 byte or sequence at line 60 replaced by U+FFFD.
Invalid UTF-8 byte or sequence at line 60 replaced by U+FFFD.
Invalid UTF-8 byte or sequence at line 60 replaced by U+FFFD.
Invalid UTF-8 byte or sequence at line 60 replaced by U+FFFD.
Invalid UTF-8 byte or sequence at line 60 replaced by U+FFFD.
Invalid UTF-8 byte or sequence at line 60 replaced by U+FFFD.
Invalid UTF-8 byte or sequence at line 60 replaced by U+FFFD.
Invalid UTF-8 byte or sequence at line 60 replaced by U+FFFD.
Invalid UTF-8 byte or sequence at line 60 replaced by U+FFFD.
Invalid UTF-8 byte or sequence at line 60 replaced by U+FFFD.
Invalid UTF-8 byte or sequence at line 60 replaced by U+FFFD.
Invalid UTF-8 byte or sequence at line 60 replaced by U+FFFD.
Invalid UTF-8 byte or sequence at line 60 replaced by U+FFFD.
Invalid UTF-8 byte or sequence at line 60 replaced by U+FFFD.
Invalid UTF-8 byte or sequence at line 60 replaced by U+FFFD.
Invalid UTF-8 byte or sequence at line 60 replaced by U+FFFD.
Invalid UTF-8 byte or sequence at line 60 replaced by U+FFFD.
Invalid UTF-8 byte or sequence at line 60 replaced by U+FFFD.
Invalid UTF-8 byte or sequence at line 60 replaced by U+FFFD.
Invalid UTF-8 byte or sequence at line 60 replaced by U+FFFD.
Invalid UTF-8 byte or sequence at line 60 replaced by U+FFFD.
Invalid UTF-8 byte or sequence at line 60 replaced by U+FFFD.
Invalid UTF-8 byte or sequence at line 60 replaced by U+FFFD.
Invalid UTF-8 byte or sequence at line 60 replaced by U+FFFD.
Invalid UTF-8 byte or sequence at line 60 replaced by U+FFFD.
Invalid UTF-8 byte or sequence at line 60 replaced by U+FFFD.
Invalid UTF-8 byte or sequence at line 60 replaced by U+FFFD.
Invalid UTF-8 byte or sequence at line 60 replaced by U+FFFD.
Invalid UTF-8 byte or sequence at line 60 replaced by U+FFFD.
Invalid UTF-8 byte or sequence at line 60 replaced by U+FFFD.
Invalid UTF-8 byte or sequence at line 60 replaced by U+FFFD.
Invalid UTF-8 byte or sequence at line 60 replaced by U+FFFD.
Invalid UTF-8 byte or sequence at line 60 replaced by U+FFFD.
Invalid UTF-8 byte or sequence at line 60 replaced by U+FFFD.
Invalid UTF-8 byte or sequence at line 60 replaced by U+FFFD.
Invalid UTF-8 byte or sequence at line 60 replaced by U+FFFD.
Invalid UTF-8 byte or sequence at line 60 replaced by U+FFFD.
Invalid UTF-8 byte or sequence at line 60 replaced by U+FFFD.
Invalid UTF-8 byte or sequence at line 60 replaced by U+FFFD.
Invalid UTF-8 byte or sequence at line 60 replaced by U+FFFD.
Invalid UTF-8 byte or sequence at line 60 replaced by U+FFFD.
Invalid UTF-8 byte or sequence at line 60 replaced by U+FFFD.
Invalid UTF-8 byte or sequence at line 60 replaced by U+FFFD.
Invalid UTF-8 byte or sequence at line 60 replaced by U+FFFD.
Invalid UTF-8 byte or sequence at line 60 replaced by U+FFFD.
Invalid UTF-8 byte or sequence at line 60 replaced by U+FFFD.
Invalid UTF-8 byte or sequence at line 60 replaced by U+FFFD.
Invalid UTF-8 byte or sequence at line 60 replaced by U+FFFD.
Invalid UTF-8 byte or sequence at line 60 replaced by U+FFFD.
Invalid UTF-8 byte or sequence at line 60 replaced by U+FFFD.
Invalid UTF-8 byte or sequence at line 60 replaced by U+FFFD.
Invalid UTF-8 byte or sequence at line 60 replaced by U+FFFD.
Invalid UTF-8 byte or sequence at line 60 replaced by U+FFFD.
Invalid UTF-8 byte or sequence at line 60 replaced by U+FFFD.
Invalid UTF-8 byte or sequence at line 60 replaced by U+FFFD.
Invalid UTF-8 byte or sequence at line 60 replaced by U+FFFD.
Invalid UTF-8 byte or sequence at line 60 replaced by U+FFFD.
Invalid UTF-8 byte or sequence at line 60 replaced by U+FFFD.
Invalid UTF-8 byte or sequence at line 60 replaced by U+FFFD.
Invalid UTF-8 byte or sequence at line 60 replaced by U+FFFD.
Invalid UTF-8 byte or sequence at line 60 replaced by U+FFFD.
Invalid UTF-8 byte or sequence at line 60 replaced by U+FFFD.
Invalid UTF-8 byte or sequence at line 60 replaced by U+FFFD.
Invalid UTF-8 byte or sequence at line 60 replaced by U+FFFD.
Invalid UTF-8 byte or sequence at line 60 replaced by U+FFFD.
Invalid UTF-8 byte or sequence at line 60 replaced by U+FFFD.
Invalid UTF-8 byte or sequence at line 60 replaced by U+FFFD.
Invalid UTF-8 byte or sequence at line 60 replaced by U+FFFD.
Invalid UTF-8 byte or sequence at line 60 replaced by U+FFFD.
Invalid UTF-8 byte or sequence at line 60 replaced by U+FFFD.
Invalid UTF-8 byte or sequence at line 60 replaced by U+FFFD.
Invalid UTF-8 byte or sequence at line 60 replaced by U+FFFD.
Invalid UTF-8 byte or sequence at line 60 replaced by U+FFFD.
Invalid UTF-8 byte or sequence at line 60 replaced by U+FFFD.
Invalid UTF-8 byte or sequence at line 60 replaced by U+FFFD.
Invalid UTF-8 byte or sequence at line 60 replaced by U+FFFD.
Invalid UTF-8 byte or sequence at line 60 replaced by U+FFFD.
Invalid UTF-8 byte or sequence at line 60 replaced by U+FFFD.
Invalid UTF-8 byte or sequence at line 60 replaced by U+FFFD.
Invalid UTF-8 byte or sequence at line 60 replaced by U+FFFD.
Invalid UTF-8 byte or sequence at line 60 replaced by U+FFFD.
Invalid UTF-8 byte or sequence at line 60 replaced by U+FFFD.
Invalid UTF-8 byte or sequence at line 60 replaced by U+FFFD.
Invalid UTF-8 byte or sequence at line 60 replaced by U+FFFD.
Invalid UTF-8 byte or sequence at line 60 replaced by U+FFFD.
Invalid UTF-8 byte or sequence at line 60 replaced by U+FFFD.
Invalid UTF-8 byte or sequence at line 60 replaced by U+FFFD.
Invalid UTF-8 byte or sequence at line 60 replaced by U+FFFD.
Invalid UTF-8 byte or sequence at line 60 replaced by U+FFFD.
Invalid UTF-8 byte or sequence at line 60 replaced by U+FFFD.
Invalid UTF-8 byte or sequence at line 60 replaced by U+FFFD.
Invalid UTF-8 byte or sequence at line 60 replaced by U+FFFD.
Invalid UTF-8 byte or sequence at line 60 replaced by U+FFFD.
Invalid UTF-8 byte or sequence at line 60 replaced by U+FFFD.
Invalid UTF-8 byte or sequence at line 60 replaced by U+FFFD.
Invalid UTF-8 byte or sequence at line 60 replaced by U+FFFD.
Invalid UTF-8 byte or sequence at line 60 replaced by U+FFFD.
Invalid UTF-8 byte or sequence at line 60 replaced by U+FFFD.
Invalid UTF-8 byte or sequence at line 60 replaced by U+FFFD.
Invalid UTF-8 byte or sequence at line 60 replaced by U+FFFD.
Invalid UTF-8 byte or sequence at line 60 replaced by U+FFFD.
Invalid UTF-8 byte or sequence at line 60 replaced by U+FFFD.
Invalid UTF-8 byte or sequence at line 60 replaced by U+FFFD.
Invalid UTF-8 byte or sequence at line 60 replaced by U+FFFD.
Invalid UTF-8 byte or sequence at line 60 replaced by U+FFFD.
Invalid UTF-8 byte or sequence at line 60 replaced by U+FFFD.
Invalid UTF-8 byte or sequence at line 60 replaced by U+FFFD.
Invalid UTF-8 byte or sequence at line 60 replaced by U+FFFD.
Invalid UTF-8 byte or sequence at line 60 replaced by U+FFFD.
Invalid UTF-8 byte or sequence at line 60 replaced by U+FFFD.
Invalid UTF-8 byte or sequence at line 60 replaced by U+FFFD.
Invalid UTF-8 byte or sequence at line 60 replaced by U+FFFD.
Invalid UTF-8 byte or sequence at line 60 replaced by U+FFFD.
Invalid UTF-8 byte or sequence at line 60 replaced by U+FFFD.
Invalid UTF-8 byte or sequence at line 60 replaced by U+FFFD.
Invalid UTF-8 byte or sequence at line 60 replaced by U+FFFD.
Invalid UTF-8 byte or sequence at line 60 replaced by U+FFFD.
Invalid UTF-8 byte or sequence at line 60 replaced by U+FFFD.
Invalid UTF-8 byte or sequence at line 60 replaced by U+FFFD.
Invalid UTF-8 byte or sequence at line 60 replaced by U+FFFD.
Invalid UTF-8 byte or sequence at line 60 replaced by U+FFFD.
Invalid UTF-8 byte or sequence at line 60 replaced by U+FFFD.
Invalid UTF-8 byte or sequence at line 60 replaced by U+FFFD.
Invalid UTF-8 byte or sequence at line 60 replaced by U+FFFD.
Invalid UTF-8 byte or sequence at line 60 replaced by U+FFFD.
Invalid UTF-8 byte or sequence at line 60 replaced by U+FFFD.
Invalid UTF-8 byte or sequence at line 60 replaced by U+FFFD.
Invalid UTF-8 byte or sequence at line 60 replaced by U+FFFD.
Invalid UTF-8 byte or sequence at line 60 replaced by U+FFFD.
Invalid UTF-8 byte or sequence at line 60 replaced by U+FFFD.
Invalid UTF-8 byte or sequence at line 60 replaced by U+FFFD.
Invalid UTF-8 byte or sequence at line 60 replaced by U+FFFD.
Invalid UTF-8 byte or sequence at line 60 replaced by U+FFFD.
Invalid UTF-8 byte or sequence at line 60 replaced by U+FFFD.
Invalid UTF-8 byte or sequence at line 60 replaced by U+FFFD.
Invalid UTF-8 byte or sequence at line 60 replaced by U+FFFD.
Invalid UTF-8 byte or sequence at line 60 replaced by U+FFFD.
Invalid UTF-8 byte or sequence at line 60 replaced by U+FFFD.
Invalid UTF-8 byte or sequence at line 60 replaced by U+FFFD.
Invalid UTF-8 byte or sequence at line 60 replaced by U+FFFD.
Invalid UTF-8 byte or sequence at line 60 replaced by U+FFFD.
Invalid UTF-8 byte or sequence at line 60 replaced by U+FFFD.
Invalid UTF-8 byte or sequence at line 60 replaced by U+FFFD.
Invalid UTF-8 byte or sequence at line 60 replaced by U+FFFD.
Invalid UTF-8 byte or sequence at line 60 replaced by U+FFFD.
Invalid UTF-8 byte or sequence at line 60 replaced by U+FFFD.
Invalid UTF-8 byte or sequence at line 60 replaced by U+FFFD.
Invalid UTF-8 byte or sequence at line 60 replaced by U+FFFD.
Invalid UTF-8 byte or sequence at line 60 replaced by U+FFFD.
Invalid UTF-8 byte or sequence at line 60 replaced by U+FFFD.
Invalid UTF-8 byte or sequence at line 60 replaced by U+FFFD.
Invalid UTF-8 byte or sequence at line 60 replaced by U+FFFD.
Invalid UTF-8 byte or sequence at line 60 replaced by U+FFFD.
Invalid UTF-8 byte or sequence at line 60 replaced by U+FFFD.
Invalid UTF-8 byte or sequence at line 60 replaced by U+FFFD.
Invalid UTF-8 byte or sequence at line 60 replaced by U+FFFD.
Invalid UTF-8 byte or sequence at line 60 replaced by U+FFFD.
Invalid UTF-8 byte or sequence at line 60 replaced by U+FFFD.
Invalid UTF-8 byte or sequence at line 60 replaced by U+FFFD.
Invalid UTF-8 byte or sequence at line 60 replaced by U+FFFD.
Invalid UTF-8 byte or sequence at line 60 replaced by U+FFFD.
Invalid UTF-8 byte or sequence at line 60 replaced by U+FFFD.
Invalid UTF-8 byte or sequence at line 60 replaced by U+FFFD.
Invalid UTF-8 byte or sequence at line 60 replaced by U+FFFD.
Invalid UTF-8 byte or sequence at line 60 replaced by U+FFFD.
Invalid UTF-8 byte or sequence at line 60 replaced by U+FFFD.
Invalid UTF-8 byte or sequence at line 60 replaced by U+FFFD.
Invalid UTF-8 byte or sequence at line 60 replaced by U+FFFD.
Invalid UTF-8 byte or sequence at line 60 replaced by U+FFFD.
Invalid UTF-8 byte or sequence at line 60 replaced by U+FFFD.
Invalid UTF-8 byte or sequence at line 60 replaced by U+FFFD.
Invalid UTF-8 byte or sequence at line 60 replaced by U+FFFD.
Invalid UTF-8 byte or sequence at line 60 replaced by U+FFFD.
Invalid UTF-8 byte or sequence at line 60 replaced by U+FFFD.
Invalid UTF-8 byte or sequence at line 60 replaced by U+FFFD.
Invalid UTF-8 byte or sequence at line 60 replaced by U+FFFD.
Invalid UTF-8 byte or sequence at line 60 replaced by U+FFFD.
Invalid UTF-8 byte or sequence at line 60 replaced by U+FFFD.
Invalid UTF-8 byte or sequence at line 60 replaced by U+FFFD.
Invalid UTF-8 byte or sequence at line 60 replaced by U+FFFD.
Invalid UTF-8 byte or sequence at line 60 replaced by U+FFFD.
Invalid UTF-8 byte or sequence at line 60 replaced by U+FFFD.
Invalid UTF-8 byte or sequence at line 60 replaced by U+FFFD.
Invalid UTF-8 byte or sequence at line 60 replaced by U+FFFD.
Invalid UTF-8 byte or sequence at line 60 replaced by U+FFFD.
Invalid UTF-8 byte or sequence at line 60 replaced by U+FFFD.
Invalid UTF-8 byte or sequence at line 60 replaced by U+FFFD.
Invalid UTF-8 byte or sequence at line 60 replaced by U+FFFD.
Invalid UTF-8 byte or sequence at line 60 replaced by U+FFFD.
Invalid UTF-8 byte or sequence at line 60 replaced by U+FFFD.
Invalid UTF-8 byte or sequence at line 60 replaced by U+FFFD.
Invalid UTF-8 byte or sequence at line 60 replaced by U+FFFD.
Invalid UTF-8 byte or sequence at line 60 replaced by U+FFFD.
Invalid UTF-8 byte or sequence at line 60 replaced by U+FFFD.
Invalid UTF-8 byte or sequence at line 60 replaced by U+FFFD.
Invalid UTF-8 byte or sequence at line 60 replaced by U+FFFD.
Invalid UTF-8 byte or sequence at line 60 replaced by U+FFFD.
Invalid UTF-8 byte or sequence at line 60 replaced by U+FFFD.
Invalid UTF-8 byte or sequence at line 60 replaced by U+FFFD.
Invalid UTF-8 byte or sequence at line 60 replaced by U+FFFD.
Invalid UTF-8 byte or sequence at line 60 replaced by U+FFFD.
Invalid UTF-8 byte or sequence at line 60 replaced by U+FFFD.
Invalid UTF-8 byte or sequence at line 60 replaced by U+FFFD.
Invalid UTF-8 byte or sequence at line 60 replaced by U+FFFD.
Invalid UTF-8 byte or sequence at line 60 replaced by U+FFFD.
Invalid UTF-8 byte or sequence at line 60 replaced by U+FFFD.
Invalid UTF-8 byte or sequence at line 60 replaced by U+FFFD.
Invalid UTF-8 byte or sequence at line 60 replaced by U+FFFD.
Invalid UTF-8 byte or sequence at line 60 replaced by U+FFFD.
Invalid UTF-8 byte or sequence at line 60 replaced by U+FFFD.
Invalid UTF-8 byte or sequence at line 60 replaced by U+FFFD.
Invalid UTF-8 byte or sequence at line 60 replaced by U+FFFD.
Invalid UTF-8 byte or sequence at line 60 replaced by U+FFFD.
Invalid UTF-8 byte or sequence at line 60 replaced by U+FFFD.
Invalid UTF-8 byte or sequence at line 60 replaced by U+FFFD.
Invalid UTF-8 byte or sequence at line 60 replaced by U+FFFD.
Invalid UTF-8 byte or sequence at line 60 replaced by U+FFFD.
Invalid UTF-8 byte or sequence at line 60 replaced by U+FFFD.
Invalid UTF-8 byte or sequence at line 60 replaced by U+FFFD.
Invalid UTF-8 byte or sequence at line 60 replaced by U+FFFD.
Invalid UTF-8 byte or sequence at line 60 replaced by U+FFFD.
Invalid UTF-8 byte or sequence at line 60 replaced by U+FFFD.
Invalid UTF-8 byte or sequence at line 60 replaced by U+FFFD.
Invalid UTF-8 byte or sequence at line 60 replaced by U+FFFD.
Invalid UTF-8 byte or sequence at line 60 replaced by U+FFFD.
Invalid UTF-8 byte or sequence at line 60 replaced by U+FFFD.
Invalid UTF-8 byte or sequence at line 60 replaced by U+FFFD.
Invalid UTF-8 byte or sequence at line 60 replaced by U+FFFD.
Invalid UTF-8 byte or sequence at line 60 replaced by U+FFFD.
Invalid UTF-8 byte or sequence at line 60 replaced by U+FFFD.
Invalid UTF-8 byte or sequence at line 60 replaced by U+FFFD.
Invalid UTF-8 byte or sequence at line 60 replaced by U+FFFD.
Invalid UTF-8 byte or sequence at line 60 replaced by U+FFFD.
Invalid UTF-8 byte or sequence at line 60 replaced by U+FFFD.
Invalid UTF-8 byte or sequence at line 60 replaced by U+FFFD.
Invalid UTF-8 byte or sequence at line 60 replaced by U+FFFD.
Invalid UTF-8 byte or sequence at line 60 replaced by U+FFFD.
Invalid UTF-8 byte or sequence at line 60 replaced by U+FFFD.
Invalid UTF-8 byte or sequence at line 60 replaced by U+FFFD.
Invalid UTF-8 byte or sequence at line 60 replaced by U+FFFD.
Invalid UTF-8 byte or sequence at line 60 replaced by U+FFFD.
Invalid UTF-8 byte or sequence at line 60 replaced by U+FFFD.
Invalid UTF-8 byte or sequence at line 60 replaced by U+FFFD.
Invalid UTF-8 byte or sequence at line 60 replaced by U+FFFD.
Invalid UTF-8 byte or sequence at line 60 replaced by U+FFFD.
Invalid UTF-8 byte or sequence at line 60 replaced by U+FFFD.
Invalid UTF-8 byte or sequence at line 60 replaced by U+FFFD.
Invalid UTF-8 byte or sequence at line 60 replaced by U+FFFD.
Invalid UTF-8 byte or sequence at line 60 replaced by U+FFFD.
Invalid UTF-8 byte or sequence at line 60 replaced by U+FFFD.
Invalid UTF-8 byte or sequence at line 60 replaced by U+FFFD.
Invalid UTF-8 byte or sequence at line 60 replaced by U+FFFD.
Invalid UTF-8 byte or sequence at line 60 replaced by U+FFFD.
Invalid UTF-8 byte or sequence at line 60 replaced by U+FFFD.
Invalid UTF-8 byte or sequence at line 60 replaced by U+FFFD.
Invalid UTF-8 byte or sequence at line 60 replaced by U+FFFD.
Invalid UTF-8 byte or sequence at line 60 replaced by U+FFFD.
Invalid UTF-8 byte or sequence at line 60 replaced by U+FFFD.
Invalid UTF-8 byte or sequence at line 60 replaced by U+FFFD.
Invalid UTF-8 byte or sequence at line 60 replaced by U+FFFD.
Invalid UTF-8 byte or sequence at line 60 replaced by U+FFFD.
Invalid UTF-8 byte or sequence at line 60 replaced by U+FFFD.
Invalid UTF-8 byte or sequence at line 60 replaced by U+FFFD.
Invalid UTF-8 byte or sequence at line 60 replaced by U+FFFD.
Invalid UTF-8 byte or sequence at line 60 replaced by U+FFFD.
Invalid UTF-8 byte or sequence at line 60 replaced by U+FFFD.
Invalid UTF-8 byte or sequence at line 60 replaced by U+FFFD.
Invalid UTF-8 byte or sequence at line 60 replaced by U+FFFD.
Invalid UTF-8 byte or sequence at line 60 replaced by U+FFFD.
Invalid UTF-8 byte or sequence at line 60 replaced by U+FFFD.
Invalid UTF-8 byte or sequence at line 60 replaced by U+FFFD.
Invalid UTF-8 byte or sequence at line 60 replaced by U+FFFD.
Invalid UTF-8 byte or sequence at line 60 replaced by U+FFFD.
Invalid UTF-8 byte or sequence at line 60 replaced by U+FFFD.
Invalid UTF-8 byte or sequence at line 60 replaced by U+FFFD.
Invalid UTF-8 byte or sequence at line 60 replaced by U+FFFD.
Invalid UTF-8 byte or sequence at line 60 replaced by U+FFFD.
Invalid UTF-8 byte or sequence at line 60 replaced by U+FFFD.
Invalid UTF-8 byte or sequence at line 60 replaced by U+FFFD.
Invalid UTF-8 byte or sequence at line 60 replaced by U+FFFD.
Invalid UTF-8 byte or sequence at line 60 replaced by U+FFFD.
Invalid UTF-8 byte or sequence at line 60 replaced by U+FFFD.
Invalid UTF-8 byte or sequence at line 60 replaced by U+FFFD.
Invalid UTF-8 byte or sequence at line 60 replaced by U+FFFD.
Invalid UTF-8 byte or sequence at line 60 replaced by U+FFFD.
Invalid UTF-8 byte or sequence at line 60 replaced by U+FFFD.
Invalid UTF-8 byte or sequence at line 60 replaced by U+FFFD.
Invalid UTF-8 byte or sequence at line 60 replaced by U+FFFD.
Invalid UTF-8 byte or sequence at line 60 replaced by U+FFFD.
Invalid UTF-8 byte or sequence at line 60 replaced by U+FFFD.
Invalid UTF-8 byte or sequence at line 60 replaced by U+FFFD.
Invalid UTF-8 byte or sequence at line 60 replaced by U+FFFD.
Invalid UTF-8 byte or sequence at line 60 replaced by U+FFFD.
Invalid UTF-8 byte or sequence at line 60 replaced by U+FFFD.
Invalid UTF-8 byte or sequence at line 60 replaced by U+FFFD.
Invalid UTF-8 byte or sequence at line 60 replaced by U+FFFD.
Invalid UTF-8 byte or sequence at line 60 replaced by U+FFFD.
Invalid UTF-8 byte or sequence at line 60 replaced by U+FFFD.
Invalid UTF-8 byte or sequence at line 60 replaced by U+FFFD.
Invalid UTF-8 byte or sequence at line 60 replaced by U+FFFD.
Invalid UTF-8 byte or sequence at line 60 replaced by U+FFFD.
Invalid UTF-8 byte or sequence at line 60 replaced by U+FFFD.
Invalid UTF-8 byte or sequence at line 60 replaced by U+FFFD.
Invalid UTF-8 byte or sequence at line 60 replaced by U+FFFD.
Invalid UTF-8 byte or sequence at line 60 replaced by U+FFFD.
Invalid UTF-8 byte or sequence at line 60 replaced by U+FFFD.
Invalid UTF-8 byte or sequence at line 60 replaced by U+FFFD.
Invalid UTF-8 byte or sequence at line 60 replaced by U+FFFD.
Invalid UTF-8 byte or sequence at line 60 replaced by U+FFFD.
Invalid UTF-8 byte or sequence at line 60 replaced by U+FFFD.
Invalid UTF-8 byte or sequence at line 60 replaced by U+FFFD.
Invalid UTF-8 byte or sequence at line 60 replaced by U+FFFD.
Invalid UTF-8 byte or sequence at line 60 replaced by U+FFFD.
Invalid UTF-8 byte or sequence at line 60 replaced by U+FFFD.
Invalid UTF-8 byte or sequence at line 60 replaced by U+FFFD.
Invalid UTF-8 byte or sequence at line 60 replaced by U+FFFD.
Invalid UTF-8 byte or sequence at line 60 replaced by U+FFFD.
Invalid UTF-8 byte or sequence at line 60 replaced by U+FFFD.
Invalid UTF-8 byte or sequence at line 60 replaced by U+FFFD.
Invalid UTF-8 byte or sequence at line 60 replaced by U+FFFD.
Invalid UTF-8 byte or sequence at line 60 replaced by U+FFFD.
Invalid UTF-8 byte or sequence at line 60 replaced by U+FFFD.
Invalid UTF-8 byte or sequence at line 60 replaced by U+FFFD.
Invalid UTF-8 byte or sequence at line 60 replaced by U+FFFD.
Invalid UTF-8 byte or sequence at line 60 replaced by U+FFFD.
Invalid UTF-8 byte or sequence at line 60 replaced by U+FFFD.
Invalid UTF-8 byte or sequence at line 60 replaced by U+FFFD.
Invalid UTF-8 byte or sequence at line 60 replaced by U+FFFD.
Invalid UTF-8 byte or sequence at line 60 replaced by U+FFFD.
Invalid UTF-8 byte or sequence at line 60 replaced by U+FFFD.
Invalid UTF-8 byte or sequence at line 60 replaced by U+FFFD.
Invalid UTF-8 byte or sequence at line 60 replaced by U+FFFD.
Invalid UTF-8 byte or sequence at line 60 replaced by U+FFFD.
Invalid UTF-8 byte or sequence at line 60 replaced by U+FFFD.
Invalid UTF-8 byte or sequence at line 60 replaced by U+FFFD.
Invalid UTF-8 byte or sequence at line 60 replaced by U+FFFD.
Invalid UTF-8 byte or sequence at line 60 replaced by U+FFFD.
Invalid UTF-8 byte or sequence at line 60 replaced by U+FFFD.
Invalid UTF-8 byte or sequence at line 60 replaced by U+FFFD.
Invalid UTF-8 byte or sequence at line 60 replaced by U+FFFD.
Invalid UTF-8 byte or sequence at line 60 replaced by U+FFFD.
Invalid UTF-8 byte or sequence at line 60 replaced by U+FFFD.
Invalid UTF-8 byte or sequence at line 60 replaced by U+FFFD.
Invalid UTF-8 byte or sequence at line 60 replaced by U+FFFD.
Invalid UTF-8 byte or sequence at line 60 replaced by U+FFFD.
Invalid UTF-8 byte or sequence at line 60 replaced by U+FFFD.
Invalid UTF-8 byte or sequence at line 60 replaced by U+FFFD.
Invalid UTF-8 byte or sequence at line 60 replaced by U+FFFD.
Invalid UTF-8 byte or sequence at line 60 replaced by U+FFFD.
Invalid UTF-8 byte or sequence at line 60 replaced by U+FFFD.
Invalid UTF-8 byte or sequence at line 60 replaced by U+FFFD.
Invalid UTF-8 byte or sequence at line 60 replaced by U+FFFD.
Invalid UTF-8 byte or sequence at line 60 replaced by U+FFFD.
Invalid UTF-8 byte or sequence at line 60 replaced by U+FFFD.
Invalid UTF-8 byte or sequence at line 60 replaced by U+FFFD.
Invalid UTF-8 byte or sequence at line 60 replaced by U+FFFD.
Invalid UTF-8 byte or sequence at line 60 replaced by U+FFFD.
Invalid UTF-8 byte or sequence at line 60 replaced by U+FFFD.
Invalid UTF-8 byte or sequence at line 60 replaced by U+FFFD.
Invalid UTF-8 byte or sequence at line 60 replaced by U+FFFD.
Invalid UTF-8 byte or sequence at line 60 replaced by U+FFFD.
Invalid UTF-8 byte or sequence at line 60 replaced by U+FFFD.
Invalid UTF-8 byte or sequence at line 60 replaced by U+FFFD.
Invalid UTF-8 byte or sequence at line 60 replaced by U+FFFD.
Invalid UTF-8 byte or sequence at line 60 replaced by U+FFFD.
Invalid UTF-8 byte or sequence at line 60 replaced by U+FFFD.
Invalid UTF-8 byte or sequence at line 60 replaced by U+FFFD.
Invalid UTF-8 byte or sequence at line 60 replaced by U+FFFD.
Invalid UTF-8 byte or sequence at line 60 replaced by U+FFFD.
Invalid UTF-8 byte or sequence at line 60 replaced by U+FFFD.
Invalid UTF-8 byte or sequence at line 60 replaced by U+FFFD.
Invalid UTF-8 byte or sequence at line 60 replaced by U+FFFD.
Invalid UTF-8 byte or sequence at line 60 replaced by U+FFFD.
Invalid UTF-8 byte or sequence at line 60 replaced by U+FFFD.
Invalid UTF-8 byte or sequence at line 60 replaced by U+FFFD.
Invalid UTF-8 byte or sequence at line 60 replaced by U+FFFD.
Invalid UTF-8 byte or sequence at line 60 replaced by U+FFFD.
Invalid UTF-8 byte or sequence at line 60 replaced by U+FFFD.
Invalid UTF-8 byte or sequence at line 60 replaced by U+FFFD.
Invalid UTF-8 byte or sequence at line 60 replaced by U+FFFD.
Invalid UTF-8 byte or sequence at line 60 replaced by U+FFFD.
Invalid UTF-8 byte or sequence at line 60 replaced by U+FFFD.
Invalid UTF-8 byte or sequence at line 60 replaced by U+FFFD.
Invalid UTF-8 byte or sequence at line 60 replaced by U+FFFD.
Invalid UTF-8 byte or sequence at line 60 replaced by U+FFFD.
Invalid UTF-8 byte or sequence at line 60 replaced by U+FFFD.
Invalid UTF-8 byte or sequence at line 60 replaced by U+FFFD.
Invalid UTF-8 byte or sequence at line 60 replaced by U+FFFD.
Invalid UTF-8 byte or sequence at line 60 replaced by U+FFFD.
Invalid UTF-8 byte or sequence at line 60 replaced by U+FFFD.
Invalid UTF-8 byte or sequence at line 60 replaced by U+FFFD.
Invalid UTF-8 byte or sequence at line 60 replaced by U+FFFD.
Invalid UTF-8 byte or sequence at line 60 replaced by U+FFFD.
Invalid UTF-8 byte or sequence at line 60 replaced by U+FFFD.
Invalid UTF-8 byte or sequence at line 60 replaced by U+FFFD.
Invalid UTF-8 byte or sequence at line 60 replaced by U+FFFD.
Invalid UTF-8 byte or sequence at line 60 replaced by U+FFFD.
Invalid UTF-8 byte or sequence at line 60 replaced by U+FFFD.
Invalid UTF-8 byte or sequence at line 60 replaced by U+FFFD.
Invalid UTF-8 byte or sequence at line 60 replaced by U+FFFD.
Invalid UTF-8 byte or sequence at line 60 replaced by U+FFFD.
Invalid UTF-8 byte or sequence at line 60 replaced by U+FFFD.
Invalid UTF-8 byte or sequence at line 60 replaced by U+FFFD.
Invalid UTF-8 byte or sequence at line 60 replaced by U+FFFD.
Invalid UTF-8 byte or sequence at line 60 replaced by U+FFFD.
Invalid UTF-8 byte or sequence at line 60 replaced by U+FFFD.
Invalid UTF-8 byte or sequence at line 60 replaced by U+FFFD.
Invalid UTF-8 byte or sequence at line 60 replaced by U+FFFD.
Invalid UTF-8 byte or sequence at line 60 replaced by U+FFFD.
Invalid UTF-8 byte or sequence at line 60 replaced by U+FFFD.
Invalid UTF-8 byte or sequence at line 60 replaced by U+FFFD.
Invalid UTF-8 byte or sequence at line 60 replaced by U+FFFD.
Invalid UTF-8 byte or sequence at line 60 replaced by U+FFFD.
Invalid UTF-8 byte or sequence at line 60 replaced by U+FFFD.
Invalid UTF-8 byte or sequence at line 60 replaced by U+FFFD.
Invalid UTF-8 byte or sequence at line 60 replaced by U+FFFD.
Invalid UTF-8 byte or sequence at line 60 replaced by U+FFFD.
Invalid UTF-8 byte or sequence at line 60 replaced by U+FFFD.
Invalid UTF-8 byte or sequence at line 60 replaced by U+FFFD.
Invalid UTF-8 byte or sequence at line 60 replaced by U+FFFD.
Invalid UTF-8 byte or sequence at line 60 replaced by U+FFFD.
Invalid UTF-8 byte or sequence at line 60 replaced by U+FFFD.
Invalid UTF-8 byte or sequence at line 60 replaced by U+FFFD.
Invalid UTF-8 byte or sequence at line 60 replaced by U+FFFD.
Invalid UTF-8 byte or sequence at line 60 replaced by U+FFFD.
Invalid UTF-8 byte or sequence at line 60 replaced by U+FFFD.
Invalid UTF-8 byte or sequence at line 60 replaced by U+FFFD.
Invalid UTF-8 byte or sequence at line 60 replaced by U+FFFD.
Invalid UTF-8 byte or sequence at line 60 replaced by U+FFFD.
Invalid UTF-8 byte or sequence at line 60 replaced by U+FFFD.
Invalid UTF-8 byte or sequence at line 60 replaced by U+FFFD.
Invalid UTF-8 byte or sequence at line 60 replaced by U+FFFD.
Invalid UTF-8 byte or sequence at line 60 replaced by U+FFFD.
Invalid UTF-8 byte or sequence at line 60 replaced by U+FFFD.
Invalid UTF-8 byte or sequence at line 60 replaced by U+FFFD.
Invalid UTF-8 byte or sequence at line 60 replaced by U+FFFD.
Invalid UTF-8 byte or sequence at line 60 replaced by U+FFFD.
Invalid UTF-8 byte or sequence at line 60 replaced by U+FFFD.
Invalid UTF-8 byte or sequence at line 60 replaced by U+FFFD.
Invalid UTF-8 byte or sequence at line 60 replaced by U+FFFD.
Invalid UTF-8 byte or sequence at line 60 replaced by U+FFFD.
Invalid UTF-8 byte or sequence at line 60 replaced by U+FFFD.
Invalid UTF-8 byte or sequence at line 60 replaced by U+FFFD.
Invalid UTF-8 byte or sequence at line 60 replaced by U+FFFD.
Invalid UTF-8 byte or sequence at line 60 replaced by U+FFFD.
Invalid UTF-8 byte or sequence at line 60 replaced by U+FFFD.
Invalid UTF-8 byte or sequence at line 60 replaced by U+FFFD.
Invalid UTF-8 byte or sequence at line 60 replaced by U+FFFD.
Invalid UTF-8 byte or sequence at line 60 replaced by U+FFFD.
Invalid UTF-8 byte or sequence at line 60 replaced by U+FFFD.
Invalid UTF-8 byte or sequence at line 60 replaced by U+FFFD.
Invalid UTF-8 byte or sequence at line 60 replaced by U+FFFD.
Invalid UTF-8 byte or sequence at line 60 replaced by U+FFFD.
Invalid UTF-8 byte or sequence at line 60 replaced by U+FFFD.
Invalid UTF-8 byte or sequence at line 60 replaced by U+FFFD.
Invalid UTF-8 byte or sequence at line 60 replaced by U+FFFD.
Invalid UTF-8 byte or sequence at line 60 replaced by U+FFFD.
Invalid UTF-8 byte or sequence at line 60 replaced by U+FFFD.
Invalid UTF-8 byte or sequence at line 60 replaced by U+FFFD.
Invalid UTF-8 byte or sequence at line 60 replaced by U+FFFD.
Invalid UTF-8 byte or sequence at line 60 replaced by U+FFFD.
Invalid UTF-8 byte or sequence at line 60 replaced by U+FFFD.
Invalid UTF-8 byte or sequence at line 60 replaced by U+FFFD.
Invalid UTF-8 byte or sequence at line 60 replaced by U+FFFD.
Invalid UTF-8 byte or sequence at line 60 replaced by U+FFFD.
Invalid UTF-8 byte or sequence at line 60 replaced by U+FFFD.
Invalid UTF-8 byte or sequence at line 60 replaced by U+FFFD.
Invalid UTF-8 byte or sequence at line 60 replaced by U+FFFD.
Invalid UTF-8 byte or sequence at line 60 replaced by U+FFFD.
Invalid UTF-8 byte or sequence at line 60 replaced by U+FFFD.
Invalid UTF-8 byte or sequence at line 60 replaced by U+FFFD.
Invalid UTF-8 byte or sequence at line 60 replaced by U+FFFD.
Invalid UTF-8 byte or sequence at line 60 replaced by U+FFFD.
Invalid UTF-8 byte or sequence at line 60 replaced by U+FFFD.
Invalid UTF-8 byte or sequence at line 60 replaced by U+FFFD.
Invalid UTF-8 byte or sequence at line 60 replaced by U+FFFD.
Invalid UTF-8 byte or sequence at line 60 replaced by U+FFFD.
Invalid UTF-8 byte or sequence at line 60 replaced by U+FFFD.
Invalid UTF-8 byte or sequence at line 60 replaced by U+FFFD.
Invalid UTF-8 byte or sequence at line 60 replaced by U+FFFD.
Invalid UTF-8 byte or sequence at line 60 replaced by U+FFFD.
Invalid UTF-8 byte or sequence at line 60 replaced by U+FFFD.
Invalid UTF-8 byte or sequence at line 60 replaced by U+FFFD.
Invalid UTF-8 byte or sequence at line 60 replaced by U+FFFD.
Invalid UTF-8 byte or sequence at line 60 replaced by U+FFFD.
Invalid UTF-8 byte or sequence at line 60 replaced by U+FFFD.
Invalid UTF-8 byte or sequence at line 60 replaced by U+FFFD.
Invalid UTF-8 byte or sequence at line 60 replaced by U+FFFD.
Invalid UTF-8 byte or sequence at line 60 replaced by U+FFFD.
Invalid UTF-8 byte or sequence at line 60 replaced by U+FFFD.
Invalid UTF-8 byte or sequence at line 60 replaced by U+FFFD.
Invalid UTF-8 byte or sequence at line 60 replaced by U+FFFD.
Invalid UTF-8 byte or sequence at line 60 replaced by U+FFFD.
Invalid UTF-8 byte or sequence at line 60 replaced by U+FFFD.
Invalid UTF-8 byte or sequence at line 60 replaced by U+FFFD.
Invalid UTF-8 byte or sequence at line 60 replaced by U+FFFD.
Invalid UTF-8 byte or sequence at line 60 replaced by U+FFFD.
Invalid UTF-8 byte or sequence at line 60 replaced by U+FFFD.
Invalid UTF-8 byte or sequence at line 60 replaced by U+FFFD.
Invalid UTF-8 byte or sequence at line 60 replaced by U+FFFD.
Invalid UTF-8 byte or sequence at line 60 replaced by U+FFFD.
Invalid UTF-8 byte or sequence at line 60 replaced by U+FFFD.
Invalid UTF-8 byte or sequence at line 60 replaced by U+FFFD.
Invalid UTF-8 byte or sequence at line 60 replaced by U+FFFD.
Invalid UTF-8 byte or sequence at line 60 replaced by U+FFFD.
Invalid UTF-8 byte or sequence at line 60 replaced by U+FFFD.
Invalid UTF-8 byte or sequence at line 60 replaced by U+FFFD.
Invalid UTF-8 byte or sequence at line 60 replaced by U+FFFD.
Invalid UTF-8 byte or sequence at line 60 replaced by U+FFFD.
Invalid UTF-8 byte or sequence at line 60 replaced by U+FFFD.
Invalid UTF-8 byte or sequence at line 60 replaced by U+FFFD.
Invalid UTF-8 byte or sequence at line 60 replaced by U+FFFD.
Invalid UTF-8 byte or sequence at line 60 replaced by U+FFFD.
Invalid UTF-8 byte or sequence at line 60 replaced by U+FFFD.
Invalid UTF-8 byte or sequence at line 60 replaced by U+FFFD.
Invalid UTF-8 byte or sequence at line 60 replaced by U+FFFD.
Invalid UTF-8 byte or sequence at line 60 replaced by U+FFFD.
Invalid UTF-8 byte or sequence at line 60 replaced by U+FFFD.
Invalid UTF-8 byte or sequence at line 60 replaced by U+FFFD.
Invalid UTF-8 byte or sequence at line 60 replaced by U+FFFD.
Invalid UTF-8 byte or sequence at line 60 replaced by U+FFFD.
Invalid UTF-8 byte or sequence at line 60 replaced by U+FFFD.
Invalid UTF-8 byte or sequence at line 60 replaced by U+FFFD.
Invalid UTF-8 byte or sequence at line 60 replaced by U+FFFD.
Invalid UTF-8 byte or sequence at line 60 replaced by U+FFFD.
Invalid UTF-8 byte or sequence at line 60 replaced by U+FFFD.
Invalid UTF-8 byte or sequence at line 60 replaced by U+FFFD.
Invalid UTF-8 byte or sequence at line 60 replaced by U+FFFD.
Invalid UTF-8 byte or sequence at line 60 replaced by U+FFFD.
Invalid UTF-8 byte or sequence at line 60 replaced by U+FFFD.
Invalid UTF-8 byte or sequence at line 60 replaced by U+FFFD.
Invalid UTF-8 byte or sequence at line 60 replaced by U+FFFD.
Invalid UTF-8 byte or sequence at line 60 replaced by U+FFFD.
Invalid UTF-8 byte or sequence at line 60 replaced by U+FFFD.
Invalid UTF-8 byte or sequence at line 60 replaced by U+FFFD.
Invalid UTF-8 byte or sequence at line 60 replaced by U+FFFD.
Invalid UTF-8 byte or sequence at line 60 replaced by U+FFFD.
Invalid UTF-8 byte or sequence at line 60 replaced by U+FFFD.
Invalid UTF-8 byte or sequence at line 60 replaced by U+FFFD.
Invalid UTF-8 byte or sequence at line 60 replaced by U+FFFD.
Invalid UTF-8 byte or sequence at line 60 replaced by U+FFFD.
Invalid UTF-8 byte or sequence at line 60 replaced by U+FFFD.
Invalid UTF-8 byte or sequence at line 60 replaced by U+FFFD.
Invalid UTF-8 byte or sequence at line 60 replaced by U+FFFD.
Invalid UTF-8 byte or sequence at line 60 replaced by U+FFFD.
Invalid UTF-8 byte or sequence at line 60 replaced by U+FFFD.
Invalid UTF-8 byte or sequence at line 60 replaced by U+FFFD.
Invalid UTF-8 byte or sequence at line 60 replaced by U+FFFD.
Invalid UTF-8 byte or sequence at line 60 replaced by U+FFFD.
Invalid UTF-8 byte or sequence at line 60 replaced by U+FFFD.
Invalid UTF-8 byte or sequence at line 60 replaced by U+FFFD.
Invalid UTF-8 byte or sequence at line 60 replaced by U+FFFD.
Invalid UTF-8 byte or sequence at line 60 replaced by U+FFFD.
Invalid UTF-8 byte or sequence at line 60 replaced by U+FFFD.
Invalid UTF-8 byte or sequence at line 60 replaced by U+FFFD.
Invalid UTF-8 byte or sequence at line 60 replaced by U+FFFD.
Invalid UTF-8 byte or sequence at line 60 replaced by U+FFFD.
Invalid UTF-8 byte or sequence at line 60 replaced by U+FFFD.
Invalid UTF-8 byte or sequence at line 60 replaced by U+FFFD.
Invalid UTF-8 byte or sequence at line 60 replaced by U+FFFD.
Invalid UTF-8 byte or sequence at line 60 replaced by U+FFFD.
Invalid UTF-8 byte or sequence at line 60 replaced by U+FFFD.
Invalid UTF-8 byte or sequence at line 60 replaced by U+FFFD.
Invalid UTF-8 byte or sequence at line 60 replaced by U+FFFD.
Invalid UTF-8 byte or sequence at line 60 replaced by U+FFFD.
Invalid UTF-8 byte or sequence at line 60 replaced by U+FFFD.
Invalid UTF-8 byte or sequence at line 60 replaced by U+FFFD.
Invalid UTF-8 byte or sequence at line 60 replaced by U+FFFD.
Invalid UTF-8 byte or sequence at line 60 replaced by U+FFFD.
Invalid UTF-8 byte or sequence at line 60 replaced by U+FFFD.
Invalid UTF-8 byte or sequence at line 60 replaced by U+FFFD.
Invalid UTF-8 byte or sequence at line 60 replaced by U+FFFD.
Invalid UTF-8 byte or sequence at line 60 replaced by U+FFFD.
Invalid UTF-8 byte or sequence at line 60 replaced by U+FFFD.
Invalid UTF-8 byte or sequence at line 60 replaced by U+FFFD.
Invalid UTF-8 byte or sequence at line 60 replaced by U+FFFD.
Invalid UTF-8 byte or sequence at line 60 replaced by U+FFFD.
Invalid UTF-8 byte or sequence at line 60 replaced by U+FFFD.
Invalid UTF-8 byte or sequence at line 60 replaced by U+FFFD.
Invalid UTF-8 byte or sequence at line 60 replaced by U+FFFD.
Invalid UTF-8 byte or sequence at line 60 replaced by U+FFFD.
Invalid UTF-8 byte or sequence at line 60 replaced by U+FFFD.
Invalid UTF-8 byte or sequence at line 60 replaced by U+FFFD.
Invalid UTF-8 byte or sequence at line 60 replaced by U+FFFD.
Invalid UTF-8 byte or sequence at line 60 replaced by U+FFFD.
Invalid UTF-8 byte or sequence at line 60 replaced by U+FFFD.
Invalid UTF-8 byte or sequence at line 60 replaced by U+FFFD.
Invalid UTF-8 byte or sequence at line 60 replaced by U+FFFD.
Invalid UTF-8 byte or sequence at line 60 replaced by U+FFFD.
Invalid UTF-8 byte or sequence at line 60 replaced by U+FFFD.
Invalid UTF-8 byte or sequence at line 60 replaced by U+FFFD.
Invalid UTF-8 byte or sequence at line 60 replaced by U+FFFD.
Invalid UTF-8 byte or sequence at line 60 replaced by U+FFFD.
Invalid UTF-8 byte or sequence at line 60 replaced by U+FFFD.
Invalid UTF-8 byte or sequence at line 60 replaced by U+FFFD.
Invalid UTF-8 byte or sequence at line 60 replaced by U+FFFD.
Invalid UTF-8 byte or sequence at line 60 replaced by U+FFFD.
Invalid UTF-8 byte or sequence at line 60 replaced by U+FFFD.
Invalid UTF-8 byte or sequence at line 60 replaced by U+FFFD.
Invalid UTF-8 byte or sequence at line 60 replaced by U+FFFD.
Invalid UTF-8 byte or sequence at line 60 replaced by U+FFFD.
Invalid UTF-8 byte or sequence at line 60 replaced by U+FFFD.
Invalid UTF-8 byte or sequence at line 60 replaced by U+FFFD.
Invalid UTF-8 byte or sequence at line 60 replaced by U+FFFD.
Invalid UTF-8 byte or sequence at line 60 replaced by U+FFFD.
Invalid UTF-8 byte or sequence at line 60 replaced by U+FFFD.
Invalid UTF-8 byte or sequence at line 60 replaced by U+FFFD.
Invalid UTF-8 byte or sequence at line 60 replaced by U+FFFD.
Invalid UTF-8 byte or sequence at line 60 replaced by U+FFFD.
Invalid UTF-8 byte or sequence at line 60 replaced by U+FFFD.
Invalid UTF-8 byte or sequence at line 60 replaced by U+FFFD.
Invalid UTF-8 byte or sequence at line 60 replaced by U+FFFD.
Invalid UTF-8 byte or sequence at line 60 replaced by U+FFFD.
Invalid UTF-8 byte or sequence at line 60 replaced by U+FFFD.
Invalid UTF-8 byte or sequence at line 60 replaced by U+FFFD.
Invalid UTF-8 byte or sequence at line 60 replaced by U+FFFD.
Invalid UTF-8 byte or sequence at line 60 replaced by U+FFFD.
Invalid UTF-8 byte or sequence at line 60 replaced by U+FFFD.
Invalid UTF-8 byte or sequence at line 60 replaced by U+FFFD.
Invalid UTF-8 byte or sequence at line 60 replaced by U+FFFD.
Invalid UTF-8 byte or sequence at line 60 replaced by U+FFFD.
Invalid UTF-8 byte or sequence at line 60 replaced by U+FFFD.
Invalid UTF-8 byte or sequence at line 60 replaced by U+FFFD.
Invalid UTF-8 byte or sequence at line 60 replaced by U+FFFD.
Invalid UTF-8 byte or sequence at line 60 replaced by U+FFFD.
Invalid UTF-8 byte or sequence at line 60 replaced by U+FFFD.
Invalid UTF-8 byte or sequence at line 60 replaced by U+FFFD.
Invalid UTF-8 byte or sequence at line 60 replaced by U+FFFD.
Invalid UTF-8 byte or sequence at line 60 replaced by U+FFFD.
Invalid UTF-8 byte or sequence at line 60 replaced by U+FFFD.
Invalid UTF-8 byte or sequence at line 60 replaced by U+FFFD.
Invalid UTF-8 byte or sequence at line 60 replaced by U+FFFD.
Invalid UTF-8 byte or sequence at line 60 replaced by U+FFFD.
Invalid UTF-8 byte or sequence at line 60 replaced by U+FFFD.
Invalid UTF-8 byte or sequence at line 60 replaced by U+FFFD.
Invalid UTF-8 byte or sequence at line 60 replaced by U+FFFD.
Invalid UTF-8 byte or sequence at line 60 replaced by U+FFFD.
Invalid UTF-8 byte or sequence at line 60 replaced by U+FFFD.
Invalid UTF-8 byte or sequence at line 60 replaced by U+FFFD.
Invalid UTF-8 byte or sequence at line 60 replaced by U+FFFD.
Invalid UTF-8 byte or sequence at line 60 replaced by U+FFFD.
Invalid UTF-8 byte or sequence at line 60 replaced by U+FFFD.
Invalid UTF-8 byte or sequence at line 60 replaced by U+FFFD.
Invalid UTF-8 byte or sequence at line 60 replaced by U+FFFD.
Invalid UTF-8 byte or sequence at line 60 replaced by U+FFFD.
Invalid UTF-8 byte or sequence at line 60 replaced by U+FFFD.
Invalid UTF-8 byte or sequence at line 60 replaced by U+FFFD.
Invalid UTF-8 byte or sequence at line 60 replaced by U+FFFD.
Invalid UTF-8 byte or sequence at line 60 replaced by U+FFFD.
Invalid UTF-8 byte or sequence at line 60 replaced by U+FFFD.
Invalid UTF-8 byte or sequence at line 60 replaced by U+FFFD.
Invalid UTF-8 byte or sequence at line 60 replaced by U+FFFD.
Invalid UTF-8 byte or sequence at line 60 replaced by U+FFFD.
Invalid UTF-8 byte or sequence at line 60 replaced by U+FFFD.
Invalid UTF-8 byte or sequence at line 60 replaced by U+FFFD.
Invalid UTF-8 byte or sequence at line 60 replaced by U+FFFD.
Invalid UTF-8 byte or sequence at line 60 replaced by U+FFFD.
Invalid UTF-8 byte or sequence at line 60 replaced by U+FFFD.
Invalid UTF-8 byte or sequence at line 60 replaced by U+FFFD.
Invalid UTF-8 byte or sequence at line 60 replaced by U+FFFD.
Invalid UTF-8 byte or sequence at line 60 replaced by U+FFFD.
Invalid UTF-8 byte or sequence at line 60 replaced by U+FFFD.
Invalid UTF-8 byte or sequence at line 60 replaced by U+FFFD.
Invalid UTF-8 byte or sequence at line 60 replaced by U+FFFD.
Invalid UTF-8 byte or sequence at line 60 replaced by U+FFFD.
Invalid UTF-8 byte or sequence at line 60 replaced by U+FFFD.
Invalid UTF-8 byte or sequence at line 60 replaced by U+FFFD.
Invalid UTF-8 byte or sequence at line 60 replaced by U+FFFD.
Invalid UTF-8 byte or sequence at line 60 replaced by U+FFFD.
Invalid UTF-8 byte or sequence at line 60 replaced by U+FFFD.
Invalid UTF-8 byte or sequence at line 60 replaced by U+FFFD.
Invalid UTF-8 byte or sequence at line 60 replaced by U+FFFD.
Invalid UTF-8 byte or sequence at line 60 replaced by U+FFFD.
Invalid UTF-8 byte or sequence at line 60 replaced by U+FFFD.
Invalid UTF-8 byte or sequence at line 60 replaced by U+FFFD.
Invalid UTF-8 byte or sequence at line 60 replaced by U+FFFD.
Invalid UTF-8 byte or sequence at line 60 replaced by U+FFFD.
Invalid UTF-8 byte or sequence at line 60 replaced by U+FFFD.
Invalid UTF-8 byte or sequence at line 60 replaced by U+FFFD.
Invalid UTF-8 byte or sequence at line 60 replaced by U+FFFD.
Invalid UTF-8 byte or sequence at line 60 replaced by U+FFFD.
Invalid UTF-8 byte or sequence at line 60 replaced by U+FFFD.
Invalid UTF-8 byte or sequence at line 60 replaced by U+FFFD.
Invalid UTF-8 byte or sequence at line 60 replaced by U+FFFD.
Invalid UTF-8 byte or sequence at line 60 replaced by U+FFFD.
Invalid UTF-8 byte or sequence at line 60 replaced by U+FFFD.
Invalid UTF-8 byte or sequence at line 60 replaced by U+FFFD.
Invalid UTF-8 byte or sequence at line 60 replaced by U+FFFD.
Invalid UTF-8 byte or sequence at line 60 replaced by U+FFFD.
Invalid UTF-8 byte or sequence at line 60 replaced by U+FFFD.
Invalid UTF-8 byte or sequence at line 60 replaced by U+FFFD.
Invalid UTF-8 byte or sequence at line 60 replaced by U+FFFD.
Invalid UTF-8 byte or sequence at line 60 replaced by U+FFFD.
Invalid UTF-8 byte or sequence at line 60 replaced by U+FFFD.
Invalid UTF-8 byte or sequence at line 60 replaced by U+FFFD.
Invalid UTF-8 byte or sequence at line 60 replaced by U+FFFD.
Invalid UTF-8 byte or sequence at line 60 replaced by U+FFFD.
Invalid UTF-8 byte or sequence at line 60 replaced by U+FFFD.
Invalid UTF-8 byte or sequence at line 60 replaced by U+FFFD.
Invalid UTF-8 byte or sequence at line 60 replaced by U+FFFD.
Invalid UTF-8 byte or sequence at line 60 replaced by U+FFFD.
Invalid UTF-8 byte or sequence at line 60 replaced by U+FFFD.
Invalid UTF-8 byte or sequence at line 60 replaced by U+FFFD.
Invalid UTF-8 byte or sequence at line 60 replaced by U+FFFD.
Invalid UTF-8 byte or sequence at line 60 replaced by U+FFFD.
Invalid UTF-8 byte or sequence at line 60 replaced by U+FFFD.
Invalid UTF-8 byte or sequence at line 60 replaced by U+FFFD.
Invalid UTF-8 byte or sequence at line 60 replaced by U+FFFD.
Invalid UTF-8 byte or sequence at line 60 replaced by U+FFFD.
Invalid UTF-8 byte or sequence at line 60 replaced by U+FFFD.
Invalid UTF-8 byte or sequence at line 60 replaced by U+FFFD.
Invalid UTF-8 byte or sequence at line 60 replaced by U+FFFD.
Invalid UTF-8 byte or sequence at line 60 replaced by U+FFFD.
Invalid UTF-8 byte or sequence at line 60 replaced by U+FFFD.
Invalid UTF-8 byte or sequence at line 60 replaced by U+FFFD.
Invalid UTF-8 byte or sequence at line 60 replaced by U+FFFD.
Invalid UTF-8 byte or sequence at line 60 replaced by U+FFFD.
Invalid UTF-8 byte or sequence at line 60 replaced by U+FFFD.
Invalid UTF-8 byte or sequence at line 60 replaced by U+FFFD.
Invalid UTF-8 byte or sequence at line 60 replaced by U+FFFD.
Invalid UTF-8 byte or sequence at line 60 replaced by U+FFFD.
Invalid UTF-8 byte or sequence at line 60 replaced by U+FFFD.
Invalid UTF-8 byte or sequence at line 60 replaced by U+FFFD.
Invalid UTF-8 byte or sequence at line 60 replaced by U+FFFD.
Invalid UTF-8 byte or sequence at line 60 replaced by U+FFFD.
Invalid UTF-8 byte or sequence at line 60 replaced by U+FFFD.
Invalid UTF-8 byte or sequence at line 60 replaced by U+FFFD.
Invalid UTF-8 byte or sequence at line 60 replaced by U+FFFD.
Invalid UTF-8 byte or sequence at line 60 replaced by U+FFFD.
Invalid UTF-8 byte or sequence at line 60 replaced by U+FFFD.
Invalid UTF-8 byte or sequence at line 60 replaced by U+FFFD.
Invalid UTF-8 byte or sequence at line 60 replaced by U+FFFD.
Invalid UTF-8 byte or sequence at line 60 replaced by U+FFFD.
Invalid UTF-8 byte or sequence at line 60 replaced by U+FFFD.
Invalid UTF-8 byte or sequence at line 60 replaced by U+FFFD.
Invalid UTF-8 byte or sequence at line 60 replaced by U+FFFD.
Invalid UTF-8 byte or sequence at line 60 replaced by U+FFFD.
Invalid UTF-8 byte or sequence at line 60 replaced by U+FFFD.
Invalid UTF-8 byte or sequence at line 60 replaced by U+FFFD.
Invalid UTF-8 byte or sequence at line 60 replaced by U+FFFD.
Invalid UTF-8 byte or sequence at line 60 replaced by U+FFFD.
Invalid UTF-8 byte or sequence at line 60 replaced by U+FFFD.
Invalid UTF-8 byte or sequence at line 60 replaced by U+FFFD.
Invalid UTF-8 byte or sequence at line 60 replaced by U+FFFD.
Invalid UTF-8 byte or sequence at line 60 replaced by U+FFFD.
Invalid UTF-8 byte or sequence at line 60 replaced by U+FFFD.
Invalid UTF-8 byte or sequence at line 60 replaced by U+FFFD.
Invalid UTF-8 byte or sequence at line 60 replaced by U+FFFD.
Invalid UTF-8 byte or sequence at line 60 replaced by U+FFFD.
Invalid UTF-8 byte or sequence at line 60 replaced by U+FFFD.
Invalid UTF-8 byte or sequence at line 60 replaced by U+FFFD.
Invalid UTF-8 byte or sequence at line 60 replaced by U+FFFD.
Invalid UTF-8 byte or sequence at line 60 replaced by U+FFFD.
Invalid UTF-8 byte or sequence at line 60 replaced by U+FFFD.
Invalid UTF-8 byte or sequence at line 60 replaced by U+FFFD.
Invalid UTF-8 byte or sequence at line 60 replaced by U+FFFD.
Invalid UTF-8 byte or sequence at line 60 replaced by U+FFFD.
Invalid UTF-8 byte or sequence at line 60 replaced by U+FFFD.
Invalid UTF-8 byte or sequence at line 60 replaced by U+FFFD.
Invalid UTF-8 byte or sequence at line 60 replaced by U+FFFD.
Invalid UTF-8 byte or sequence at line 60 replaced by U+FFFD.
Invalid UTF-8 byte or sequence at line 60 replaced by U+FFFD.
Invalid UTF-8 byte or sequence at line 60 replaced by U+FFFD.
Invalid UTF-8 byte or sequence at line 60 replaced by U+FFFD.
Invalid UTF-8 byte or sequence at line 60 replaced by U+FFFD.
Invalid UTF-8 byte or sequence at line 60 replaced by U+FFFD.
Invalid UTF-8 byte or sequence at line 60 replaced by U+FFFD.
Invalid UTF-8 byte or sequence at line 60 replaced by U+FFFD.
Invalid UTF-8 byte or sequence at line 60 replaced by U+FFFD.
Invalid UTF-8 byte or sequence at line 60 replaced by U+FFFD.
Invalid UTF-8 byte or sequence at line 60 replaced by U+FFFD.
Invalid UTF-8 byte or sequence at line 60 replaced by U+FFFD.
Invalid UTF-8 byte or sequence at line 60 replaced by U+FFFD.
Invalid UTF-8 byte or sequence at line 60 replaced by U+FFFD.
Invalid UTF-8 byte or sequence at line 60 replaced by U+FFFD.
Invalid UTF-8 byte or sequence at line 60 replaced by U+FFFD.
Invalid UTF-8 byte or sequence at line 60 replaced by U+FFFD.
Invalid UTF-8 byte or sequence at line 60 replaced by U+FFFD.
Invalid UTF-8 byte or sequence at line 60 replaced by U+FFFD.
Invalid UTF-8 byte or sequence at line 60 replaced by U+FFFD.
Invalid UTF-8 byte or sequence at line 60 replaced by U+FFFD.
Invalid UTF-8 byte or sequence at line 60 replaced by U+FFFD.
Invalid UTF-8 byte or sequence at line 60 replaced by U+FFFD.
Invalid UTF-8 byte or sequence at line 60 replaced by U+FFFD.
Invalid UTF-8 byte or sequence at line 60 replaced by U+FFFD.
Invalid UTF-8 byte or sequence at line 60 replaced by U+FFFD.
Invalid UTF-8 byte or sequence at line 60 replaced by U+FFFD.
Invalid UTF-8 byte or sequence at line 60 replaced by U+FFFD.
Invalid UTF-8 byte or sequence at line 60 replaced by U+FFFD.
Invalid UTF-8 byte or sequence at line 60 replaced by U+FFFD.
Invalid UTF-8 byte or sequence at line 60 replaced by U+FFFD.
Invalid UTF-8 byte or sequence at line 60 replaced by U+FFFD.
Invalid UTF-8 byte or sequence at line 60 replaced by U+FFFD.
Invalid UTF-8 byte or sequence at line 60 replaced by U+FFFD.
Invalid UTF-8 byte or sequence at line 60 replaced by U+FFFD.
Invalid UTF-8 byte or sequence at line 60 replaced by U+FFFD.
Invalid UTF-8 byte or sequence at line 60 replaced by U+FFFD.
Invalid UTF-8 byte or sequence at line 60 replaced by U+FFFD.
Invalid UTF-8 byte or sequence at line 60 replaced by U+FFFD.
Invalid UTF-8 byte or sequence at line 60 replaced by U+FFFD.
Invalid UTF-8 byte or sequence at line 60 replaced by U+FFFD.
Invalid UTF-8 byte or sequence at line 60 replaced by U+FFFD.
Invalid UTF-8 byte or sequence at line 60 replaced by U+FFFD.
Invalid UTF-8 byte or sequence at line 60 replaced by U+FFFD.
Invalid UTF-8 byte or sequence at line 60 replaced by U+FFFD.
Invalid UTF-8 byte or sequence at line 60 replaced by U+FFFD.
Invalid UTF-8 byte or sequence at line 60 replaced by U+FFFD.
Invalid UTF-8 byte or sequence at line 60 replaced by U+FFFD.
Invalid UTF-8 byte or sequence at line 60 replaced by U+FFFD.
Invalid UTF-8 byte or sequence at line 60 replaced by U+FFFD.
Invalid UTF-8 byte or sequence at line 60 replaced by U+FFFD.
Invalid UTF-8 byte or sequence at line 60 replaced by U+FFFD.
Invalid UTF-8 byte or sequence at line 60 replaced by U+FFFD.
Invalid UTF-8 byte or sequence at line 60 replaced by U+FFFD.
Invalid UTF-8 byte or sequence at line 60 replaced by U+FFFD.
Invalid UTF-8 byte or sequence at line 60 replaced by U+FFFD.
Invalid UTF-8 byte or sequence at line 60 replaced by U+FFFD.
Invalid UTF-8 byte or sequence at line 60 replaced by U+FFFD.
Invalid UTF-8 byte or sequence at line 60 replaced by U+FFFD.
Invalid UTF-8 byte or sequence at line 60 replaced by U+FFFD.
Invalid UTF-8 byte or sequence at line 60 replaced by U+FFFD.
Invalid UTF-8 byte or sequence at line 60 replaced by U+FFFD.
Invalid UTF-8 byte or sequence at line 60 replaced by U+FFFD.
Invalid UTF-8 byte or sequence at line 60 replaced by U+FFFD.
Invalid UTF-8 byte or sequence at line 60 replaced by U+FFFD.
Invalid UTF-8 byte or sequence at line 60 replaced by U+FFFD.
Invalid UTF-8 byte or sequence at line 60 replaced by U+FFFD.
Invalid UTF-8 byte or sequence at line 60 replaced by U+FFFD.
Invalid UTF-8 byte or sequence at line 60 replaced by U+FFFD.
Invalid UTF-8 byte or sequence at line 60 replaced by U+FFFD.
Invalid UTF-8 byte or sequence at line 60 replaced by U+FFFD.
Invalid UTF-8 byte or sequence at line 60 replaced by U+FFFD.
Invalid UTF-8 byte or sequence at line 60 replaced by U+FFFD.
Invalid UTF-8 byte or sequence at line 60 replaced by U+FFFD.
Invalid UTF-8 byte or sequence at line 60 replaced by U+FFFD.
Invalid UTF-8 byte or sequence at line 60 replaced by U+FFFD.
Invalid UTF-8 byte or sequence at line 60 replaced by U+FFFD.
Invalid UTF-8 byte or sequence at line 60 replaced by U+FFFD.
Invalid UTF-8 byte or sequence at line 60 replaced by U+FFFD.
Invalid UTF-8 byte or sequence at line 60 replaced by U+FFFD.
Invalid UTF-8 byte or sequence at line 60 replaced by U+FFFD.
Invalid UTF-8 byte or sequence at line 60 replaced by U+FFFD.
Invalid UTF-8 byte or sequence at line 60 replaced by U+FFFD.
Invalid UTF-8 byte or sequence at line 60 replaced by U+FFFD.
Invalid UTF-8 byte or sequence at line 60 replaced by U+FFFD.
Invalid UTF-8 byte or sequence at line 60 replaced by U+FFFD.
Invalid UTF-8 byte or sequence at line 60 replaced by U+FFFD.
Invalid UTF-8 byte or sequence at line 60 replaced by U+FFFD.
Invalid UTF-8 byte or sequence at line 60 replaced by U+FFFD.
Invalid UTF-8 byte or sequence at line 60 replaced by U+FFFD.
Invalid UTF-8 byte or sequence at line 60 replaced by U+FFFD.
Invalid UTF-8 byte or sequence at line 60 replaced by U+FFFD.
Invalid UTF-8 byte or sequence at line 60 replaced by U+FFFD.
Invalid UTF-8 byte or sequence at line 60 replaced by U+FFFD.
Invalid UTF-8 byte or sequence at line 60 replaced by U+FFFD.
Invalid UTF-8 byte or sequence at line 60 replaced by U+FFFD.
Invalid UTF-8 byte or sequence at line 60 replaced by U+FFFD.
Invalid UTF-8 byte or sequence at line 60 replaced by U+FFFD.
Invalid UTF-8 byte or sequence at line 60 replaced by U+FFFD.
Invalid UTF-8 byte or sequence at line 60 replaced by U+FFFD.
Invalid UTF-8 byte or sequence at line 60 replaced by U+FFFD.
Invalid UTF-8 byte or sequence at line 60 replaced by U+FFFD.
Invalid UTF-8 byte or sequence at line 60 replaced by U+FFFD.
Invalid UTF-8 byte or sequence at line 60 replaced by U+FFFD.
Invalid UTF-8 byte or sequence at line 60 replaced by U+FFFD.
Invalid UTF-8 byte or sequence at line 60 replaced by U+FFFD.
Invalid UTF-8 byte or sequence at line 60 replaced by U+FFFD.
Invalid UTF-8 byte or sequence at line 60 replaced by U+FFFD.
Invalid UTF-8 byte or sequence at line 60 replaced by U+FFFD.
Invalid UTF-8 byte or sequence at line 60 replaced by U+FFFD.
Invalid UTF-8 byte or sequence at line 60 replaced by U+FFFD.
Invalid UTF-8 byte or sequence at line 60 replaced by U+FFFD.
Invalid UTF-8 byte or sequence at line 60 replaced by U+FFFD.
Invalid UTF-8 byte or sequence at line 60 replaced by U+FFFD.
Invalid UTF-8 byte or sequence at line 60 replaced by U+FFFD.
Invalid UTF-8 byte or sequence at line 60 replaced by U+FFFD.
Invalid UTF-8 byte or sequence at line 60 replaced by U+FFFD.
Invalid UTF-8 byte or sequence at line 60 replaced by U+FFFD.
Invalid UTF-8 byte or sequence at line 60 replaced by U+FFFD.
Invalid UTF-8 byte or sequence at line 60 replaced by U+FFFD.
Invalid UTF-8 byte or sequence at line 60 replaced by U+FFFD.
Invalid UTF-8 byte or sequence at line 60 replaced by U+FFFD.
Invalid UTF-8 byte or sequence at line 60 replaced by U+FFFD.
Invalid UTF-8 byte or sequence at line 60 replaced by U+FFFD.
Invalid UTF-8 byte or sequence at line 60 replaced by U+FFFD.
Invalid UTF-8 byte or sequence at line 60 replaced by U+FFFD.
Invalid UTF-8 byte or sequence at line 60 replaced by U+FFFD.
Invalid UTF-8 byte or sequence at line 60 replaced by U+FFFD.
Invalid UTF-8 byte or sequence at line 60 replaced by U+FFFD.
Invalid UTF-8 byte or sequence at line 60 replaced by U+FFFD.
Invalid UTF-8 byte or sequence at line 60 replaced by U+FFFD.
Invalid UTF-8 byte or sequence at line 60 replaced by U+FFFD.
Invalid UTF-8 byte or sequence at line 60 replaced by U+FFFD.
Invalid UTF-8 byte or sequence at line 60 replaced by U+FFFD.
Invalid UTF-8 byte or sequence at line 60 replaced by U+FFFD.
Invalid UTF-8 byte or sequence at line 60 replaced by U+FFFD.
Invalid UTF-8 byte or sequence at line 60 replaced by U+FFFD.
Invalid UTF-8 byte or sequence at line 60 replaced by U+FFFD.
Invalid UTF-8 byte or sequence at line 60 replaced by U+FFFD.
Invalid UTF-8 byte or sequence at line 60 replaced by U+FFFD.
Invalid UTF-8 byte or sequence at line 60 replaced by U+FFFD.
Invalid UTF-8 byte or sequence at line 60 replaced by U+FFFD.
Invalid UTF-8 byte or sequence at line 60 replaced by U+FFFD.
Invalid UTF-8 byte or sequence at line 60 replaced by U+FFFD.
Invalid UTF-8 byte or sequence at line 60 replaced by U+FFFD.
Invalid UTF-8 byte or sequence at line 60 replaced by U+FFFD.
Invalid UTF-8 byte or sequence at line 60 replaced by U+FFFD.
Invalid UTF-8 byte or sequence at line 60 replaced by U+FFFD.
Invalid UTF-8 byte or sequence at line 60 replaced by U+FFFD.
Invalid UTF-8 byte or sequence at line 60 replaced by U+FFFD.
Invalid UTF-8 byte or sequence at line 60 replaced by U+FFFD.
Invalid UTF-8 byte or sequence at line 60 replaced by U+FFFD.
Invalid UTF-8 byte or sequence at line 60 replaced by U+FFFD.
Invalid UTF-8 byte or sequence at line 60 replaced by U+FFFD.
Invalid UTF-8 byte or sequence at line 60 replaced by U+FFFD.
Invalid UTF-8 byte or sequence at line 60 replaced by U+FFFD.
Invalid UTF-8 byte or sequence at line 60 replaced by U+FFFD.
Invalid UTF-8 byte or sequence at line 60 replaced by U+FFFD.
Invalid UTF-8 byte or sequence at line 60 replaced by U+FFFD.
Invalid UTF-8 byte or sequence at line 60 replaced by U+FFFD.
Invalid UTF-8 byte or sequence at line 60 replaced by U+FFFD.
Invalid UTF-8 byte or sequence at line 60 replaced by U+FFFD.
Invalid UTF-8 byte or sequence at line 60 replaced by U+FFFD.
Invalid UTF-8 byte or sequence at line 60 replaced by U+FFFD.
Invalid UTF-8 byte or sequence at line 60 replaced by U+FFFD.
Invalid UTF-8 byte or sequence at line 60 replaced by U+FFFD.
Invalid UTF-8 byte or sequence at line 60 replaced by U+FFFD.
Invalid UTF-8 byte or sequence at line 60 replaced by U+FFFD.
Invalid UTF-8 byte or sequence at line 60 replaced by U+FFFD.
Invalid UTF-8 byte or sequence at line 60 replaced by U+FFFD.
Invalid UTF-8 byte or sequence at line 60 replaced by U+FFFD.
Invalid UTF-8 byte or sequence at line 60 replaced by U+FFFD.
Invalid UTF-8 byte or sequence at line 60 replaced by U+FFFD.
Invalid UTF-8 byte or sequence at line 60 replaced by U+FFFD.
Invalid UTF-8 byte or sequence at line 60 replaced by U+FFFD.
Invalid UTF-8 byte or sequence at line 60 replaced by U+FFFD.
Invalid UTF-8 byte or sequence at line 60 replaced by U+FFFD.
Invalid UTF-8 byte or sequence at line 60 replaced by U+FFFD.
Invalid UTF-8 byte or sequence at line 60 replaced by U+FFFD.
Invalid UTF-8 byte or sequence at line 60 replaced by U+FFFD.
Invalid UTF-8 byte or sequence at line 60 replaced by U+FFFD.
Invalid UTF-8 byte or sequence at line 60 replaced by U+FFFD.
Invalid UTF-8 byte or sequence at line 60 replaced by U+FFFD.
Invalid UTF-8 byte or sequence at line 60 replaced by U+FFFD.
Invalid UTF-8 byte or sequence at line 60 replaced by U+FFFD.
Invalid UTF-8 byte or sequence at line 60 replaced by U+FFFD.
Invalid UTF-8 byte or sequence at line 60 replaced by U+FFFD.
Invalid UTF-8 byte or sequence at line 60 replaced by U+FFFD.
Invalid UTF-8 byte or sequence at line 60 replaced by U+FFFD.
Invalid UTF-8 byte or sequence at line 60 replaced by U+FFFD.
Invalid UTF-8 byte or sequence at line 60 replaced by U+FFFD.
Invalid UTF-8 byte or sequence at line 60 replaced by U+FFFD.
Invalid UTF-8 byte or sequence at line 60 replaced by U+FFFD.
Invalid UTF-8 byte or sequence at line 60 replaced by U+FFFD.
Invalid UTF-8 byte or sequence at line 60 replaced by U+FFFD.
Invalid UTF-8 byte or sequence at line 60 replaced by U+FFFD.
Invalid UTF-8 byte or sequence at line 60 replaced by U+FFFD.
Invalid UTF-8 byte or sequence at line 60 replaced by U+FFFD.
Invalid UTF-8 byte or sequence at line 60 replaced by U+FFFD.
Invalid UTF-8 byte or sequence at line 60 replaced by U+FFFD.
Invalid UTF-8 byte or sequence at line 60 replaced by U+FFFD.
Invalid UTF-8 byte or sequence at line 60 replaced by U+FFFD.
Invalid UTF-8 byte or sequence at line 60 replaced by U+FFFD.
Invalid UTF-8 byte or sequence at line 60 replaced by U+FFFD.
Invalid UTF-8 byte or sequence at line 60 replaced by U+FFFD.
Invalid UTF-8 byte or sequence at line 60 replaced by U+FFFD.
Invalid UTF-8 byte or sequence at line 60 replaced by U+FFFD.
Invalid UTF-8 byte or sequence at line 60 replaced by U+FFFD.
Invalid UTF-8 byte or sequence at line 60 replaced by U+FFFD.
Invalid UTF-8 byte or sequence at line 60 replaced by U+FFFD.
Invalid UTF-8 byte or sequence at line 60 replaced by U+FFFD.
Invalid UTF-8 byte or sequence at line 60 replaced by U+FFFD.
Invalid UTF-8 byte or sequence at line 60 replaced by U+FFFD.
Invalid UTF-8 byte or sequence at line 60 replaced by U+FFFD.
Invalid UTF-8 byte or sequence at line 60 replaced by U+FFFD.
Invalid UTF-8 byte or sequence at line 60 replaced by U+FFFD.
Invalid UTF-8 byte or sequence at line 60 replaced by U+FFFD.
Invalid UTF-8 byte or sequence at line 60 replaced by U+FFFD.
Invalid UTF-8 byte or sequence at line 60 replaced by U+FFFD.
Invalid UTF-8 byte or sequence at line 60 replaced by U+FFFD.
Invalid UTF-8 byte or sequence at line 60 replaced by U+FFFD.
Invalid UTF-8 byte or sequence at line 60 replaced by U+FFFD.
Invalid UTF-8 byte or sequence at line 60 replaced by U+FFFD.
Invalid UTF-8 byte or sequence at line 60 replaced by U+FFFD.
Invalid UTF-8 byte or sequence at line 60 replaced by U+FFFD.
Invalid UTF-8 byte or sequence at line 60 replaced by U+FFFD.
Invalid UTF-8 byte or sequence at line 60 replaced by U+FFFD.
Invalid UTF-8 byte or sequence at line 60 replaced by U+FFFD.
Invalid UTF-8 byte or sequence at line 60 replaced by U+FFFD.
Invalid UTF-8 byte or sequence at line 60 replaced by U+FFFD.
Invalid UTF-8 byte or sequence at line 60 replaced by U+FFFD.
Invalid UTF-8 byte or sequence at line 60 replaced by U+FFFD.
Invalid UTF-8 byte or sequence at line 60 replaced by U+FFFD.
Invalid UTF-8 byte or sequence at line 60 replaced by U+FFFD.
Invalid UTF-8 byte or sequence at line 60 replaced by U+FFFD.
Invalid UTF-8 byte or sequence at line 60 replaced by U+FFFD.
Invalid UTF-8 byte or sequence at line 60 replaced by U+FFFD.
Invalid UTF-8 byte or sequence at line 60 replaced by U+FFFD.
Invalid UTF-8 byte or sequence at line 60 replaced by U+FFFD.
Invalid UTF-8 byte or sequence at line 60 replaced by U+FFFD.
Invalid UTF-8 byte or sequence at line 60 replaced by U+FFFD.
Invalid UTF-8 byte or sequence at line 60 replaced by U+FFFD.
Invalid UTF-8 byte or sequence at line 60 replaced by U+FFFD.
Invalid UTF-8 byte or sequence at line 60 replaced by U+FFFD.
Invalid UTF-8 byte or sequence at line 60 replaced by U+FFFD.
Invalid UTF-8 byte or sequence at line 60 replaced by U+FFFD.
Invalid UTF-8 byte or sequence at line 60 replaced by U+FFFD.
Invalid UTF-8 byte or sequence at line 60 replaced by U+FFFD.
Invalid UTF-8 byte or sequence at line 60 replaced by U+FFFD.
Invalid UTF-8 byte or sequence at line 60 replaced by U+FFFD.
Invalid UTF-8 byte or sequence at line 60 replaced by U+FFFD.
Invalid UTF-8 byte or sequence at line 60 replaced by U+FFFD.
Invalid UTF-8 byte or sequence at line 60 replaced by U+FFFD.
Invalid UTF-8 byte or sequence at line 60 replaced by U+FFFD.
Invalid UTF-8 byte or sequence at line 60 replaced by U+FFFD.
Invalid UTF-8 byte or sequence at line 60 replaced by U+FFFD.
Invalid UTF-8 byte or sequence at line 60 replaced by U+FFFD.
Invalid UTF-8 byte or sequence at line 60 replaced by U+FFFD.
Invalid UTF-8 byte or sequence at line 60 replaced by U+FFFD.
Invalid UTF-8 byte or sequence at line 60 replaced by U+FFFD.
Invalid UTF-8 byte or sequence at line 60 replaced by U+FFFD.
Invalid UTF-8 byte or sequence at line 60 replaced by U+FFFD.
Invalid UTF-8 byte or sequence at line 60 replaced by U+FFFD.
Invalid UTF-8 byte or sequence at line 60 replaced by U+FFFD.
Invalid UTF-8 byte or sequence at line 60 replaced by U+FFFD.
Invalid UTF-8 byte or sequence at line 60 replaced by U+FFFD.
Invalid UTF-8 byte or sequence at line 60 replaced by U+FFFD.
Invalid UTF-8 byte or sequence at line 60 replaced by U+FFFD.
Invalid UTF-8 byte or sequence at line 60 replaced by U+FFFD.
Invalid UTF-8 byte or sequence at line 60 replaced by U+FFFD.
Invalid UTF-8 byte or sequence at line 60 replaced by U+FFFD.
Invalid UTF-8 byte or sequence at line 60 replaced by U+FFFD.
Invalid UTF-8 byte or sequence at line 60 replaced by U+FFFD.
Invalid UTF-8 byte or sequence at line 60 replaced by U+FFFD.
Invalid UTF-8 byte or sequence at line 60 replaced by U+FFFD.
Invalid UTF-8 byte or sequence at line 60 replaced by U+FFFD.
Invalid UTF-8 byte or sequence at line 60 replaced by U+FFFD.
Invalid UTF-8 byte or sequence at line 60 replaced by U+FFFD.
Invalid UTF-8 byte or sequence at line 60 replaced by U+FFFD.
Invalid UTF-8 byte or sequence at line 60 replaced by U+FFFD.
Invalid UTF-8 byte or sequence at line 60 replaced by U+FFFD.
Invalid UTF-8 byte or sequence at line 60 replaced by U+FFFD.
Invalid UTF-8 byte or sequence at line 60 replaced by U+FFFD.
Invalid UTF-8 byte or sequence at line 60 replaced by U+FFFD.
Invalid UTF-8 byte or sequence at line 60 replaced by U+FFFD.
Invalid UTF-8 byte or sequence at line 60 replaced by U+FFFD.
Invalid UTF-8 byte or sequence at line 60 replaced by U+FFFD.
Invalid UTF-8 byte or sequence at line 60 replaced by U+FFFD.
Invalid UTF-8 byte or sequence at line 60 replaced by U+FFFD.
Invalid UTF-8 byte or sequence at line 60 replaced by U+FFFD.
Invalid UTF-8 byte or sequence at line 60 replaced by U+FFFD.
Invalid UTF-8 byte or sequence at line 60 replaced by U+FFFD.
Invalid UTF-8 byte or sequence at line 60 replaced by U+FFFD.
Invalid UTF-8 byte or sequence at line 60 replaced by U+FFFD.
Invalid UTF-8 byte or sequence at line 60 replaced by U+FFFD.
Invalid UTF-8 byte or sequence at line 60 replaced by U+FFFD.
Invalid UTF-8 byte or sequence at line 60 replaced by U+FFFD.
Invalid UTF-8 byte or sequence at line 60 replaced by U+FFFD.
Invalid UTF-8 byte or sequence at line 60 replaced by U+FFFD.
Invalid UTF-8 byte or sequence at line 60 replaced by U+FFFD.
Invalid UTF-8 byte or sequence at line 60 replaced by U+FFFD.
Invalid UTF-8 byte or sequence at line 60 replaced by U+FFFD.
Invalid UTF-8 byte or sequence at line 60 replaced by U+FFFD.
Invalid UTF-8 byte or sequence at line 60 replaced by U+FFFD.
Invalid UTF-8 byte or sequence at line 60 replaced by U+FFFD.
Invalid UTF-8 byte or sequence at line 60 replaced by U+FFFD.
Invalid UTF-8 byte or sequence at line 60 replaced by U+FFFD.
Invalid UTF-8 byte or sequence at line 60 replaced by U+FFFD.
Invalid UTF-8 byte or sequence at line 60 replaced by U+FFFD.
Invalid UTF-8 byte or sequence at line 60 replaced by U+FFFD.
Invalid UTF-8 byte or sequence at line 60 replaced by U+FFFD.
Invalid UTF-8 byte or sequence at line 60 replaced by U+FFFD.
Invalid UTF-8 byte or sequence at line 60 replaced by U+FFFD.
Invalid UTF-8 byte or sequence at line 60 replaced by U+FFFD.
Invalid UTF-8 byte or sequence at line 60 replaced by U+FFFD.
Invalid UTF-8 byte or sequence at line 60 replaced by U+FFFD.
Invalid UTF-8 byte or sequence at line 60 replaced by U+FFFD.
Invalid UTF-8 byte or sequence at line 60 replaced by U+FFFD.
Invalid UTF-8 byte or sequence at line 60 replaced by U+FFFD.
Invalid UTF-8 byte or sequence at line 60 replaced by U+FFFD.
Invalid UTF-8 byte or sequence at line 60 replaced by U+FFFD.
Invalid UTF-8 byte or sequence at line 60 replaced by U+FFFD.
Invalid UTF-8 byte or sequence at line 60 replaced by U+FFFD.
Invalid UTF-8 byte or sequence at line 60 replaced by U+FFFD.
Invalid UTF-8 byte or sequence at line 60 replaced by U+FFFD.
Invalid UTF-8 byte or sequence at line 60 replaced by U+FFFD.
Invalid UTF-8 byte or sequence at line 60 replaced by U+FFFD.
Invalid UTF-8 byte or sequence at line 60 replaced by U+FFFD.
Invalid UTF-8 byte or sequence at line 60 replaced by U+FFFD.
Invalid UTF-8 byte or sequence at line 60 replaced by U+FFFD.
Invalid UTF-8 byte or sequence at line 60 replaced by U+FFFD.
Invalid UTF-8 byte or sequence at line 60 replaced by U+FFFD.
Invalid UTF-8 byte or sequence at line 60 replaced by U+FFFD.
Invalid UTF-8 byte or sequence at line 60 replaced by U+FFFD.
Invalid UTF-8 byte or sequence at line 60 replaced by U+FFFD.
Invalid UTF-8 byte or sequence at line 60 replaced by U+FFFD.
Invalid UTF-8 byte or sequence at line 60 replaced by U+FFFD.
Invalid UTF-8 byte or sequence at line 60 replaced by U+FFFD.
Invalid UTF-8 byte or sequence at line 60 replaced by U+FFFD.
Invalid UTF-8 byte or sequence at line 60 replaced by U+FFFD.
Invalid UTF-8 byte or sequence at line 60 replaced by U+FFFD.
Invalid UTF-8 byte or sequence at line 60 replaced by U+FFFD.
Invalid UTF-8 byte or sequence at line 60 replaced by U+FFFD.
Invalid UTF-8 byte or sequence at line 60 replaced by U+FFFD.
Invalid UTF-8 byte or sequence at line 60 replaced by U+FFFD.
Invalid UTF-8 byte or sequence at line 60 replaced by U+FFFD.
Invalid UTF-8 byte or sequence at line 60 replaced by U+FFFD.
Invalid UTF-8 byte or sequence at line 60 replaced by U+FFFD.
Invalid UTF-8 byte or sequence at line 60 replaced by U+FFFD.
Invalid UTF-8 byte or sequence at line 60 replaced by U+FFFD.
Invalid UTF-8 byte or sequence at line 60 replaced by U+FFFD.
Invalid UTF-8 byte or sequence at line 60 replaced by U+FFFD.
Invalid UTF-8 byte or sequence at line 60 replaced by U+FFFD.
Invalid UTF-8 byte or sequence at line 60 replaced by U+FFFD.
Invalid UTF-8 byte or sequence at line 60 replaced by U+FFFD.
Invalid UTF-8 byte or sequence at line 60 replaced by U+FFFD.
Invalid UTF-8 byte or sequence at line 60 replaced by U+FFFD.
Invalid UTF-8 byte or sequence at line 60 replaced by U+FFFD.
Invalid UTF-8 byte or sequence at line 60 replaced by U+FFFD.
Invalid UTF-8 byte or sequence at line 60 replaced by U+FFFD.
Invalid UTF-8 byte or sequence at line 60 replaced by U+FFFD.
Invalid UTF-8 byte or sequence at line 60 replaced by U+FFFD.
Invalid UTF-8 byte or sequence at line 60 replaced by U+FFFD.
Invalid UTF-8 byte or sequence at line 60 replaced by U+FFFD.
Invalid UTF-8 byte or sequence at line 60 replaced by U+FFFD.
Invalid UTF-8 byte or sequence at line 60 replaced by U+FFFD.
Invalid UTF-8 byte or sequence at line 60 replaced by U+FFFD.
Invalid UTF-8 byte or sequence at line 60 replaced by U+FFFD.
Invalid UTF-8 byte or sequence at line 60 replaced by U+FFFD.
Invalid UTF-8 byte or sequence at line 60 replaced by U+FFFD.
Invalid UTF-8 byte or sequence at line 60 replaced by U+FFFD.
Invalid UTF-8 byte or sequence at line 60 replaced by U+FFFD.
Invalid UTF-8 byte or sequence at line 60 replaced by U+FFFD.
Invalid UTF-8 byte or sequence at line 60 replaced by U+FFFD.
Invalid UTF-8 byte or sequence at line 60 replaced by U+FFFD.
Invalid UTF-8 byte or sequence at line 60 replaced by U+FFFD.
Invalid UTF-8 byte or sequence at line 60 replaced by U+FFFD.
Invalid UTF-8 byte or sequence at line 60 replaced by U+FFFD.
Invalid UTF-8 byte or sequence at line 60 replaced by U+FFFD.
Invalid UTF-8 byte or sequence at line 60 replaced by U+FFFD.
Invalid UTF-8 byte or sequence at line 60 replaced by U+FFFD.
Invalid UTF-8 byte or sequence at line 60 replaced by U+FFFD.
Invalid UTF-8 byte or sequence at line 60 replaced by U+FFFD.
Invalid UTF-8 byte or sequence at line 60 replaced by U+FFFD.
Invalid UTF-8 byte or sequence at line 60 replaced by U+FFFD.
Invalid UTF-8 byte or sequence at line 60 replaced by U+FFFD.
Invalid UTF-8 byte or sequence at line 60 replaced by U+FFFD.
Invalid UTF-8 byte or sequence at line 60 replaced by U+FFFD.
Invalid UTF-8 byte or sequence at line 60 replaced by U+FFFD.
Invalid UTF-8 byte or sequence at line 60 replaced by U+FFFD.
Invalid UTF-8 byte or sequence at line 60 replaced by U+FFFD.
Invalid UTF-8 byte or sequence at line 60 replaced by U+FFFD.
Invalid UTF-8 byte or sequence at line 60 replaced by U+FFFD.
Invalid UTF-8 byte or sequence at line 60 replaced by U+FFFD.
Invalid UTF-8 byte or sequence at line 60 replaced by U+FFFD.
Invalid UTF-8 byte or sequence at line 60 replaced by U+FFFD.
Invalid UTF-8 byte or sequence at line 60 replaced by U+FFFD.
Invalid UTF-8 byte or sequence at line 60 replaced by U+FFFD.
Invalid UTF-8 byte or sequence at line 60 replaced by U+FFFD.
Invalid UTF-8 byte or sequence at line 60 replaced by U+FFFD.
Invalid UTF-8 byte or sequence at line 60 replaced by U+FFFD.
Invalid UTF-8 byte or sequence at line 60 replaced by U+FFFD.
Invalid UTF-8 byte or sequence at line 60 replaced by U+FFFD.
Invalid UTF-8 byte or sequence at line 60 replaced by U+FFFD.
Invalid UTF-8 byte or sequence at line 60 replaced by U+FFFD.
Invalid UTF-8 byte or sequence at line 60 replaced by U+FFFD.
Invalid UTF-8 byte or sequence at line 60 replaced by U+FFFD.
Invalid UTF-8 byte or sequence at line 60 replaced by U+FFFD.
Invalid UTF-8 byte or sequence at line 60 replaced by U+FFFD.
Invalid UTF-8 byte or sequence at line 60 replaced by U+FFFD.
Invalid UTF-8 byte or sequence at line 60 replaced by U+FFFD.
Invalid UTF-8 byte or sequence at line 60 replaced by U+FFFD.
Invalid UTF-8 byte or sequence at line 60 replaced by U+FFFD.
Invalid UTF-8 byte or sequence at line 60 replaced by U+FFFD.
Invalid UTF-8 byte or sequence at line 60 replaced by U+FFFD.
Invalid UTF-8 byte or sequence at line 60 replaced by U+FFFD.
Invalid UTF-8 byte or sequence at line 60 replaced by U+FFFD.
Invalid UTF-8 byte or sequence at line 60 replaced by U+FFFD.
Invalid UTF-8 byte or sequence at line 60 replaced by U+FFFD.
Invalid UTF-8 byte or sequence at line 60 replaced by U+FFFD.
Invalid UTF-8 byte or sequence at line 60 replaced by U+FFFD.
Invalid UTF-8 byte or sequence at line 60 replaced by U+FFFD.
Invalid UTF-8 byte or sequence at line 60 replaced by U+FFFD.
Invalid UTF-8 byte or sequence at line 60 replaced by U+FFFD.
Invalid UTF-8 byte or sequence at line 60 replaced by U+FFFD.
Invalid UTF-8 byte or sequence at line 60 replaced by U+FFFD.
Invalid UTF-8 byte or sequence at line 60 replaced by U+FFFD.
Invalid UTF-8 byte or sequence at line 60 replaced by U+FFFD.
Invalid UTF-8 byte or sequence at line 60 replaced by U+FFFD.
Invalid UTF-8 byte or sequence at line 60 replaced by U+FFFD.
Invalid UTF-8 byte or sequence at line 60 replaced by U+FFFD.
Invalid UTF-8 byte or sequence at line 60 replaced by U+FFFD.
Invalid UTF-8 byte or sequence at line 60 replaced by U+FFFD.
Invalid UTF-8 byte or sequence at line 60 replaced by U+FFFD.
Invalid UTF-8 byte or sequence at line 60 replaced by U+FFFD.
Invalid UTF-8 byte or sequence at line 60 replaced by U+FFFD.
Invalid UTF-8 byte or sequence at line 60 replaced by U+FFFD.
Invalid UTF-8 byte or sequence at line 60 replaced by U+FFFD.
Invalid UTF-8 byte or sequence at line 60 replaced by U+FFFD.
Invalid UTF-8 byte or sequence at line 60 replaced by U+FFFD.
Invalid UTF-8 byte or sequence at line 60 replaced by U+FFFD.
Invalid UTF-8 byte or sequence at line 60 replaced by U+FFFD.
Invalid UTF-8 byte or sequence at line 60 replaced by U+FFFD.
Invalid UTF-8 byte or sequence at line 60 replaced by U+FFFD.
Invalid UTF-8 byte or sequence at line 60 replaced by U+FFFD.
Invalid UTF-8 byte or sequence at line 60 replaced by U+FFFD.
Invalid UTF-8 byte or sequence at line 60 replaced by U+FFFD.
Invalid UTF-8 byte or sequence at line 60 replaced by U+FFFD.
Invalid UTF-8 byte or sequence at line 60 replaced by U+FFFD.
Invalid UTF-8 byte or sequence at line 60 replaced by U+FFFD.
Invalid UTF-8 byte or sequence at line 60 replaced by U+FFFD.
Invalid UTF-8 byte or sequence at line 60 replaced by U+FFFD.
Invalid UTF-8 byte or sequence at line 60 replaced by U+FFFD.
Invalid UTF-8 byte or sequence at line 60 replaced by U+FFFD.
Invalid UTF-8 byte or sequence at line 60 replaced by U+FFFD.
Invalid UTF-8 byte or sequence at line 60 replaced by U+FFFD.
Invalid UTF-8 byte or sequence at line 60 replaced by U+FFFD.
Invalid UTF-8 byte or sequence at line 60 replaced by U+FFFD.
Invalid UTF-8 byte or sequence at line 60 replaced by U+FFFD.
Invalid UTF-8 byte or sequence at line 60 replaced by U+FFFD.
Invalid UTF-8 byte or sequence at line 60 replaced by U+FFFD.
Invalid UTF-8 byte or sequence at line 60 replaced by U+FFFD.
Invalid UTF-8 byte or sequence at line 60 replaced by U+FFFD.
Invalid UTF-8 byte or sequence at line 60 replaced by U+FFFD.
Invalid UTF-8 byte or sequence at line 60 replaced by U+FFFD.
Invalid UTF-8 byte or sequence at line 60 replaced by U+FFFD.
Invalid UTF-8 byte or sequence at line 60 replaced by U+FFFD.
Invalid UTF-8 byte or sequence at line 60 replaced by U+FFFD.
Invalid UTF-8 byte or sequence at line 60 replaced by U+FFFD.
Invalid UTF-8 byte or sequence at line 60 replaced by U+FFFD.
Invalid UTF-8 byte or sequence at line 60 replaced by U+FFFD.
Invalid UTF-8 byte or sequence at line 60 replaced by U+FFFD.
Invalid UTF-8 byte or sequence at line 60 replaced by U+FFFD.
Invalid UTF-8 byte or sequence at line 60 replaced by U+FFFD.
Invalid UTF-8 byte or sequence at line 60 replaced by U+FFFD.
Invalid UTF-8 byte or sequence at line 60 replaced by U+FFFD.
Invalid UTF-8 byte or sequence at line 60 replaced by U+FFFD.
Invalid UTF-8 byte or sequence at line 60 replaced by U+FFFD.
Invalid UTF-8 byte or sequence at line 60 replaced by U+FFFD.
Invalid UTF-8 byte or sequence at line 60 replaced by U+FFFD.
Invalid UTF-8 byte or sequence at line 60 replaced by U+FFFD.
Invalid UTF-8 byte or sequence at line 60 replaced by U+FFFD.
Invalid UTF-8 byte or sequence at line 60 replaced by U+FFFD.
Invalid UTF-8 byte or sequence at line 60 replaced by U+FFFD.
Invalid UTF-8 byte or sequence at line 60 replaced by U+FFFD.
Invalid UTF-8 byte or sequence at line 60 replaced by U+FFFD.
Invalid UTF-8 byte or sequence at line 60 replaced by U+FFFD.
Invalid UTF-8 byte or sequence at line 60 replaced by U+FFFD.
Invalid UTF-8 byte or sequence at line 60 replaced by U+FFFD.
Invalid UTF-8 byte or sequence at line 60 replaced by U+FFFD.
Invalid UTF-8 byte or sequence at line 60 replaced by U+FFFD.
Invalid UTF-8 byte or sequence at line 60 replaced by U+FFFD.
Invalid UTF-8 byte or sequence at line 60 replaced by U+FFFD.
Invalid UTF-8 byte or sequence at line 60 replaced by U+FFFD.
Invalid UTF-8 byte or sequence at line 60 replaced by U+FFFD.
Invalid UTF-8 byte or sequence at line 60 replaced by U+FFFD.
Invalid UTF-8 byte or sequence at line 60 replaced by U+FFFD.
Invalid UTF-8 byte or sequence at line 60 replaced by U+FFFD.
Invalid UTF-8 byte or sequence at line 60 replaced by U+FFFD.
Invalid UTF-8 byte or sequence at line 60 replaced by U+FFFD.
Invalid UTF-8 byte or sequence at line 60 replaced by U+FFFD.
Invalid UTF-8 byte or sequence at line 60 replaced by U+FFFD.
Invalid UTF-8 byte or sequence at line 60 replaced by U+FFFD.
Invalid UTF-8 byte or sequence at line 60 replaced by U+FFFD.
Invalid UTF-8 byte or sequence at line 60 replaced by U+FFFD.
Invalid UTF-8 byte or sequence at line 60 replaced by U+FFFD.
Invalid UTF-8 byte or sequence at line 60 replaced by U+FFFD.
Invalid UTF-8 byte or sequence at line 60 replaced by U+FFFD.
Invalid UTF-8 byte or sequence at line 60 replaced by U+FFFD.
Invalid UTF-8 byte or sequence at line 60 replaced by U+FFFD.
Invalid UTF-8 byte or sequence at line 60 replaced by U+FFFD.
Invalid UTF-8 byte or sequence at line 60 replaced by U+FFFD.
Invalid UTF-8 byte or sequence at line 60 replaced by U+FFFD.
Invalid UTF-8 byte or sequence at line 60 replaced by U+FFFD.
Invalid UTF-8 byte or sequence at line 60 replaced by U+FFFD.
Invalid UTF-8 byte or sequence at line 60 replaced by U+FFFD.
Invalid UTF-8 byte or sequence at line 60 replaced by U+FFFD.
Invalid UTF-8 byte or sequence at line 60 replaced by U+FFFD.
Invalid UTF-8 byte or sequence at line 60 replaced by U+FFFD.
Invalid UTF-8 byte or sequence at line 60 replaced by U+FFFD.
Invalid UTF-8 byte or sequence at line 60 replaced by U+FFFD.
Invalid UTF-8 byte or sequence at line 60 replaced by U+FFFD.
Invalid UTF-8 byte or sequence at line 60 replaced by U+FFFD.
Invalid UTF-8 byte or sequence at line 60 replaced by U+FFFD.
Invalid UTF-8 byte or sequence at line 60 replaced by U+FFFD.
Invalid UTF-8 byte or sequence at line 60 replaced by U+FFFD.
Invalid UTF-8 byte or sequence at line 60 replaced by U+FFFD.
Invalid UTF-8 byte or sequence at line 60 replaced by U+FFFD.
Invalid UTF-8 byte or sequence at line 60 replaced by U+FFFD.
Invalid UTF-8 byte or sequence at line 60 replaced by U+FFFD.
Invalid UTF-8 byte or sequence at line 60 replaced by U+FFFD.
Invalid UTF-8 byte or sequence at line 60 replaced by U+FFFD.
Invalid UTF-8 byte or sequence at line 60 replaced by U+FFFD.
Invalid UTF-8 byte or sequence at line 60 replaced by U+FFFD.
Invalid UTF-8 byte or sequence at line 60 replaced by U+FFFD.
Invalid UTF-8 byte or sequence at line 60 replaced by U+FFFD.
Invalid UTF-8 byte or sequence at line 60 replaced by U+FFFD.
Invalid UTF-8 byte or sequence at line 60 replaced by U+FFFD.
Invalid UTF-8 byte or sequence at line 60 replaced by U+FFFD.
Invalid UTF-8 byte or sequence at line 60 replaced by U+FFFD.
Invalid UTF-8 byte or sequence at line 60 replaced by U+FFFD.
Invalid UTF-8 byte or sequence at line 60 replaced by U+FFFD.
Invalid UTF-8 byte or sequence at line 60 replaced by U+FFFD.
Invalid UTF-8 byte or sequence at line 60 replaced by U+FFFD.
Invalid UTF-8 byte or sequence at line 60 replaced by U+FFFD.
Invalid UTF-8 byte or sequence at line 60 replaced by U+FFFD.
Invalid UTF-8 byte or sequence at line 60 replaced by U+FFFD.
Invalid UTF-8 byte or sequence at line 60 replaced by U+FFFD.
Invalid UTF-8 byte or sequence at line 60 replaced by U+FFFD.
Invalid UTF-8 byte or sequence at line 60 replaced by U+FFFD.
Invalid UTF-8 byte or sequence at line 60 replaced by U+FFFD.
Invalid UTF-8 byte or sequence at line 60 replaced by U+FFFD.
Invalid UTF-8 byte or sequence at line 60 replaced by U+FFFD.
Invalid UTF-8 byte or sequence at line 60 replaced by U+FFFD.
Invalid UTF-8 byte or sequence at line 60 replaced by U+FFFD.
Invalid UTF-8 byte or sequence at line 60 replaced by U+FFFD.
Invalid UTF-8 byte or sequence at line 60 replaced by U+FFFD.
Invalid UTF-8 byte or sequence at line 60 replaced by U+FFFD.
Invalid UTF-8 byte or sequence at line 60 replaced by U+FFFD.
Invalid UTF-8 byte or sequence at line 60 replaced by U+FFFD.
Invalid UTF-8 byte or sequence at line 60 replaced by U+FFFD.
Invalid UTF-8 byte or sequence at line 60 replaced by U+FFFD.
Invalid UTF-8 byte or sequence at line 60 replaced by U+FFFD.
Invalid UTF-8 byte or sequence at line 60 replaced by U+FFFD.
Invalid UTF-8 byte or sequence at line 60 replaced by U+FFFD.
Invalid UTF-8 byte or sequence at line 60 replaced by U+FFFD.
Invalid UTF-8 byte or sequence at line 60 replaced by U+FFFD.
Invalid UTF-8 byte or sequence at line 60 replaced by U+FFFD.
Invalid UTF-8 byte or sequence at line 60 replaced by U+FFFD.
Invalid UTF-8 byte or sequence at line 60 replaced by U+FFFD.
Invalid UTF-8 byte or sequence at line 60 replaced by U+FFFD.
Invalid UTF-8 byte or sequence at line 60 replaced by U+FFFD.
Invalid UTF-8 byte or sequence at line 60 replaced by U+FFFD.
Invalid UTF-8 byte or sequence at line 60 replaced by U+FFFD.
Invalid UTF-8 byte or sequence at line 60 replaced by U+FFFD.
Invalid UTF-8 byte or sequence at line 60 replaced by U+FFFD.
Invalid UTF-8 byte or sequence at line 60 replaced by U+FFFD.
Invalid UTF-8 byte or sequence at line 60 replaced by U+FFFD.
Invalid UTF-8 byte or sequence at line 60 replaced by U+FFFD.
Invalid UTF-8 byte or sequence at line 60 replaced by U+FFFD.
Invalid UTF-8 byte or sequence at line 60 replaced by U+FFFD.
Invalid UTF-8 byte or sequence at line 60 replaced by U+FFFD.
Invalid UTF-8 byte or sequence at line 60 replaced by U+FFFD.
Invalid UTF-8 byte or sequence at line 60 replaced by U+FFFD.
Invalid UTF-8 byte or sequence at line 60 replaced by U+FFFD.
Invalid UTF-8 byte or sequence at line 60 replaced by U+FFFD.
Invalid UTF-8 byte or sequence at line 60 replaced by U+FFFD.
Invalid UTF-8 byte or sequence at line 60 replaced by U+FFFD.
Invalid UTF-8 byte or sequence at line 60 replaced by U+FFFD.
Invalid UTF-8 byte or sequence at line 60 replaced by U+FFFD.
Invalid UTF-8 byte or sequence at line 60 replaced by U+FFFD.
Invalid UTF-8 byte or sequence at line 60 replaced by U+FFFD.
Invalid UTF-8 byte or sequence at line 60 replaced by U+FFFD.
Invalid UTF-8 byte or sequence at line 60 replaced by U+FFFD.
Invalid UTF-8 byte or sequence at line 60 replaced by U+FFFD.
Invalid UTF-8 byte or sequence at line 60 replaced by U+FFFD.
Invalid UTF-8 byte or sequence at line 60 replaced by U+FFFD.
Invalid UTF-8 byte or sequence at line 60 replaced by U+FFFD.
Invalid UTF-8 byte or sequence at line 60 replaced by U+FFFD.
Invalid UTF-8 byte or sequence at line 60 replaced by U+FFFD.
Invalid UTF-8 byte or sequence at line 60 replaced by U+FFFD.
Invalid UTF-8 byte or sequence at line 60 replaced by U+FFFD.
Invalid UTF-8 byte or sequence at line 60 replaced by U+FFFD.
Invalid UTF-8 byte or sequence at line 60 replaced by U+FFFD.
Invalid UTF-8 byte or sequence at line 60 replaced by U+FFFD.
Invalid UTF-8 byte or sequence at line 60 replaced by U+FFFD.
Invalid UTF-8 byte or sequence at line 60 replaced by U+FFFD.
Invalid UTF-8 byte or sequence at line 60 replaced by U+FFFD.
Invalid UTF-8 byte or sequence at line 60 replaced by U+FFFD.
Invalid UTF-8 byte or sequence at line 60 replaced by U+FFFD.
Invalid UTF-8 byte or sequence at line 60 replaced by U+FFFD.
Invalid UTF-8 byte or sequence at line 60 replaced by U+FFFD.
Invalid UTF-8 byte or sequence at line 60 replaced by U+FFFD.
Invalid UTF-8 byte or sequence at line 60 replaced by U+FFFD.
Invalid UTF-8 byte or sequence at line 60 replaced by U+FFFD.
Invalid UTF-8 byte or sequence at line 60 replaced by U+FFFD.
Invalid UTF-8 byte or sequence at line 60 replaced by U+FFFD.
Invalid UTF-8 byte or sequence at line 60 replaced by U+FFFD.
Invalid UTF-8 byte or sequence at line 60 replaced by U+FFFD.
Invalid UTF-8 byte or sequence at line 60 replaced by U+FFFD.
Invalid UTF-8 byte or sequence at line 60 replaced by U+FFFD.
Invalid UTF-8 byte or sequence at line 60 replaced by U+FFFD.
Invalid UTF-8 byte or sequence at line 60 replaced by U+FFFD.
Invalid UTF-8 byte or sequence at line 60 replaced by U+FFFD.
Invalid UTF-8 byte or sequence at line 60 replaced by U+FFFD.
Invalid UTF-8 byte or sequence at line 60 replaced by U+FFFD.
Invalid UTF-8 byte or sequence at line 60 replaced by U+FFFD.
Invalid UTF-8 byte or sequence at line 60 replaced by U+FFFD.
Invalid UTF-8 byte or sequence at line 60 replaced by U+FFFD.
Invalid UTF-8 byte or sequence at line 60 replaced by U+FFFD.
Invalid UTF-8 byte or sequence at line 60 replaced by U+FFFD.
Invalid UTF-8 byte or sequence at line 60 replaced by U+FFFD.
Invalid UTF-8 byte or sequence at line 60 replaced by U+FFFD.
Invalid UTF-8 byte or sequence at line 60 replaced by U+FFFD.
Invalid UTF-8 byte or sequence at line 60 replaced by U+FFFD.
Invalid UTF-8 byte or sequence at line 60 replaced by U+FFFD.
Invalid UTF-8 byte or sequence at line 60 replaced by U+FFFD.
Invalid UTF-8 byte or sequence at line 60 replaced by U+FFFD.
Invalid UTF-8 byte or sequence at line 60 replaced by U+FFFD.
Invalid UTF-8 byte or sequence at line 60 replaced by U+FFFD.
Invalid UTF-8 byte or sequence at line 60 replaced by U+FFFD.
Invalid UTF-8 byte or sequence at line 60 replaced by U+FFFD.
Invalid UTF-8 byte or sequence at line 60 replaced by U+FFFD.
Invalid UTF-8 byte or sequence at line 60 replaced by U+FFFD.
Invalid UTF-8 byte or sequence at line 60 replaced by U+FFFD.
Invalid UTF-8 byte or sequence at line 60 replaced by U+FFFD.
Invalid UTF-8 byte or sequence at line 60 replaced by U+FFFD.
Invalid UTF-8 byte or sequence at line 60 replaced by U+FFFD.
Invalid UTF-8 byte or sequence at line 60 replaced by U+FFFD.
Invalid UTF-8 byte or sequence at line 60 replaced by U+FFFD.
Invalid UTF-8 byte or sequence at line 60 replaced by U+FFFD.
Invalid UTF-8 byte or sequence at line 60 replaced by U+FFFD.
Invalid UTF-8 byte or sequence at line 60 replaced by U+FFFD.
Invalid UTF-8 byte or sequence at line 60 replaced by U+FFFD.
Invalid UTF-8 byte or sequence at line 60 replaced by U+FFFD.
Invalid UTF-8 byte or sequence at line 60 replaced by U+FFFD.
Invalid UTF-8 byte or sequence at line 60 replaced by U+FFFD.
Invalid UTF-8 byte or sequence at line 60 replaced by U+FFFD.
Invalid UTF-8 byte or sequence at line 60 replaced by U+FFFD.
Invalid UTF-8 byte or sequence at line 60 replaced by U+FFFD.
Invalid UTF-8 byte or sequence at line 60 replaced by U+FFFD.
Invalid UTF-8 byte or sequence at line 60 replaced by U+FFFD.
Invalid UTF-8 byte or sequence at line 60 replaced by U+FFFD.
Invalid UTF-8 byte or sequence at line 60 replaced by U+FFFD.
Invalid UTF-8 byte or sequence at line 60 replaced by U+FFFD.
Invalid UTF-8 byte or sequence at line 60 replaced by U+FFFD.
Invalid UTF-8 byte or sequence at line 60 replaced by U+FFFD.
Invalid UTF-8 byte or sequence at line 60 replaced by U+FFFD.
Invalid UTF-8 byte or sequence at line 60 replaced by U+FFFD.
Invalid UTF-8 byte or sequence at line 60 replaced by U+FFFD.
Invalid UTF-8 byte or sequence at line 60 replaced by U+FFFD.
Invalid UTF-8 byte or sequence at line 60 replaced by U+FFFD.
Invalid UTF-8 byte or sequence at line 60 replaced by U+FFFD.
Invalid UTF-8 byte or sequence at line 60 replaced by U+FFFD.
Invalid UTF-8 byte or sequence at line 60 replaced by U+FFFD.
Invalid UTF-8 byte or sequence at line 60 replaced by U+FFFD.
Invalid UTF-8 byte or sequence at line 60 replaced by U+FFFD.
Invalid UTF-8 byte or sequence at line 60 replaced by U+FFFD.
Invalid UTF-8 byte or sequence at line 60 replaced by U+FFFD.
Invalid UTF-8 byte or sequence at line 60 replaced by U+FFFD.
Invalid UTF-8 byte or sequence at line 60 replaced by U+FFFD.
Invalid UTF-8 byte or sequence at line 60 replaced by U+FFFD.
Invalid UTF-8 byte or sequence at line 60 replaced by U+FFFD.
Invalid UTF-8 byte or sequence at line 60 replaced by U+FFFD.
Invalid UTF-8 byte or sequence at line 60 replaced by U+FFFD.
Invalid UTF-8 byte or sequence at line 60 replaced by U+FFFD.
Invalid UTF-8 byte or sequence at line 60 replaced by U+FFFD.
Invalid UTF-8 byte or sequence at line 60 replaced by U+FFFD.
Invalid UTF-8 byte or sequence at line 60 replaced by U+FFFD.
Invalid UTF-8 byte or sequence at line 60 replaced by U+FFFD.
Invalid UTF-8 byte or sequence at line 60 replaced by U+FFFD.
Invalid UTF-8 byte or sequence at line 60 replaced by U+FFFD.
Invalid UTF-8 byte or sequence at line 60 replaced by U+FFFD.
Invalid UTF-8 byte or sequence at line 60 replaced by U+FFFD.
Invalid UTF-8 byte or sequence at line 60 replaced by U+FFFD.
Invalid UTF-8 byte or sequence at line 60 replaced by U+FFFD.
Invalid UTF-8 byte or sequence at line 60 replaced by U+FFFD.
Invalid UTF-8 byte or sequence at line 60 replaced by U+FFFD.
Invalid UTF-8 byte or sequence at line 60 replaced by U+FFFD.
Invalid UTF-8 byte or sequence at line 60 replaced by U+FFFD.
Invalid UTF-8 byte or sequence at line 60 replaced by U+FFFD.
Invalid UTF-8 byte or sequence at line 60 replaced by U+FFFD.
Invalid UTF-8 byte or sequence at line 60 replaced by U+FFFD.
Invalid UTF-8 byte or sequence at line 60 replaced by U+FFFD.
Invalid UTF-8 byte or sequence at line 60 replaced by U+FFFD.
Invalid UTF-8 byte or sequence at line 60 replaced by U+FFFD.
Invalid UTF-8 byte or sequence at line 60 replaced by U+FFFD.
Invalid UTF-8 byte or sequence at line 60 replaced by U+FFFD.
Invalid UTF-8 byte or sequence at line 60 replaced by U+FFFD.
Invalid UTF-8 byte or sequence at line 60 replaced by U+FFFD.
Invalid UTF-8 byte or sequence at line 60 replaced by U+FFFD.
Invalid UTF-8 byte or sequence at line 60 replaced by U+FFFD.
Invalid UTF-8 byte or sequence at line 60 replaced by U+FFFD.
Invalid UTF-8 byte or sequence at line 60 replaced by U+FFFD.
Invalid UTF-8 byte or sequence at line 60 replaced by U+FFFD.
Invalid UTF-8 byte or sequence at line 60 replaced by U+FFFD.
Invalid UTF-8 byte or sequence at line 60 replaced by U+FFFD.
Invalid UTF-8 byte or sequence at line 60 replaced by U+FFFD.
Invalid UTF-8 byte or sequence at line 60 replaced by U+FFFD.
Invalid UTF-8 byte or sequence at line 60 replaced by U+FFFD.
Invalid UTF-8 byte or sequence at line 60 replaced by U+FFFD.
Invalid UTF-8 byte or sequence at line 60 replaced by U+FFFD.
Invalid UTF-8 byte or sequence at line 60 replaced by U+FFFD.
Invalid UTF-8 byte or sequence at line 60 replaced by U+FFFD.
Invalid UTF-8 byte or sequence at line 60 replaced by U+FFFD.
Invalid UTF-8 byte or sequence at line 60 replaced by U+FFFD.
Invalid UTF-8 byte or sequence at line 60 replaced by U+FFFD.
Invalid UTF-8 byte or sequence at line 60 replaced by U+FFFD.
Invalid UTF-8 byte or sequence at line 60 replaced by U+FFFD.
Invalid UTF-8 byte or sequence at line 60 replaced by U+FFFD.
Invalid UTF-8 byte or sequence at line 60 replaced by U+FFFD.
Invalid UTF-8 byte or sequence at line 60 replaced by U+FFFD.
Invalid UTF-8 byte or sequence at line 60 replaced by U+FFFD.
Invalid UTF-8 byte or sequence at line 60 replaced by U+FFFD.
Invalid UTF-8 byte or sequence at line 60 replaced by U+FFFD.
Invalid UTF-8 byte or sequence at line 60 replaced by U+FFFD.
Invalid UTF-8 byte or sequence at line 60 replaced by U+FFFD.
Invalid UTF-8 byte or sequence at line 60 replaced by U+FFFD.
Invalid UTF-8 byte or sequence at line 60 replaced by U+FFFD.
Invalid UTF-8 byte or sequence at line 60 replaced by U+FFFD.
Invalid UTF-8 byte or sequence at line 60 replaced by U+FFFD.
Invalid UTF-8 byte or sequence at line 60 replaced by U+FFFD.
Invalid UTF-8 byte or sequence at line 60 replaced by U+FFFD.
Invalid UTF-8 byte or sequence at line 60 replaced by U+FFFD.
Invalid UTF-8 byte or sequence at line 60 replaced by U+FFFD.
Invalid UTF-8 byte or sequence at line 60 replaced by U+FFFD.
Invalid UTF-8 byte or sequence at line 60 replaced by U+FFFD.
Invalid UTF-8 byte or sequence at line 60 replaced by U+FFFD.
Invalid UTF-8 byte or sequence at line 60 replaced by U+FFFD.
Invalid UTF-8 byte or sequence at line 60 replaced by U+FFFD.
Invalid UTF-8 byte or sequence at line 60 replaced by U+FFFD.
Invalid UTF-8 byte or sequence at line 60 replaced by U+FFFD.
Invalid UTF-8 byte or sequence at line 60 replaced by U+FFFD.
Invalid UTF-8 byte or sequence at line 60 replaced by U+FFFD.
Invalid UTF-8 byte or sequence at line 60 replaced by U+FFFD.
Invalid UTF-8 byte or sequence at line 60 replaced by U+FFFD.
Invalid UTF-8 byte or sequence at line 60 replaced by U+FFFD.
Invalid UTF-8 byte or sequence at line 60 replaced by U+FFFD.
Invalid UTF-8 byte or sequence at line 60 replaced by U+FFFD.
Invalid UTF-8 byte or sequence at line 60 replaced by U+FFFD.
Invalid UTF-8 byte or sequence at line 60 replaced by U+FFFD.
Invalid UTF-8 byte or sequence at line 60 replaced by U+FFFD.
Invalid UTF-8 byte or sequence at line 60 replaced by U+FFFD.
Invalid UTF-8 byte or sequence at line 60 replaced by U+FFFD.
Invalid UTF-8 byte or sequence at line 60 replaced by U+FFFD.
Invalid UTF-8 byte or sequence at line 60 replaced by U+FFFD.
Invalid UTF-8 byte or sequence at line 60 replaced by U+FFFD.
Invalid UTF-8 byte or sequence at line 60 replaced by U+FFFD.
Invalid UTF-8 byte or sequence at line 60 replaced by U+FFFD.
Invalid UTF-8 byte or sequence at line 60 replaced by U+FFFD.
Invalid UTF-8 byte or sequence at line 60 replaced by U+FFFD.
Invalid UTF-8 byte or sequence at line 60 replaced by U+FFFD.
Invalid UTF-8 byte or sequence at line 60 replaced by U+FFFD.
Invalid UTF-8 byte or sequence at line 60 replaced by U+FFFD.
Invalid UTF-8 byte or sequence at line 60 replaced by U+FFFD.
Invalid UTF-8 byte or sequence at line 60 replaced by U+FFFD.
Invalid UTF-8 byte or sequence at line 60 replaced by U+FFFD.
Invalid UTF-8 byte or sequence at line 60 replaced by U+FFFD.
Invalid UTF-8 byte or sequence at line 60 replaced by U+FFFD.
Invalid UTF-8 byte or sequence at line 60 replaced by U+FFFD.
Invalid UTF-8 byte or sequence at line 60 replaced by U+FFFD.
Invalid UTF-8 byte or sequence at line 60 replaced by U+FFFD.
Invalid UTF-8 byte or sequence at line 60 replaced by U+FFFD.
Invalid UTF-8 byte or sequence at line 60 replaced by U+FFFD.
Invalid UTF-8 byte or sequence at line 60 replaced by U+FFFD.
Invalid UTF-8 byte or sequence at line 60 replaced by U+FFFD.
Invalid UTF-8 byte or sequence at line 60 replaced by U+FFFD.
Invalid UTF-8 byte or sequence at line 60 replaced by U+FFFD.
Invalid UTF-8 byte or sequence at line 60 replaced by U+FFFD.
Invalid UTF-8 byte or sequence at line 60 replaced by U+FFFD.
Invalid UTF-8 byte or sequence at line 60 replaced by U+FFFD.
Invalid UTF-8 byte or sequence at line 60 replaced by U+FFFD.
Invalid UTF-8 byte or sequence at line 60 replaced by U+FFFD.
Invalid UTF-8 byte or sequence at line 60 replaced by U+FFFD.
Invalid UTF-8 byte or sequence at line 60 replaced by U+FFFD.
Invalid UTF-8 byte or sequence at line 60 replaced by U+FFFD.
Invalid UTF-8 byte or sequence at line 60 replaced by U+FFFD.
Invalid UTF-8 byte or sequence at line 60 replaced by U+FFFD.
Invalid UTF-8 byte or sequence at line 60 replaced by U+FFFD.
Invalid UTF-8 byte or sequence at line 60 replaced by U+FFFD.
Invalid UTF-8 byte or sequence at line 60 replaced by U+FFFD.
Invalid UTF-8 byte or sequence at line 60 replaced by U+FFFD.
Invalid UTF-8 byte or sequence at line 60 replaced by U+FFFD.
Invalid UTF-8 byte or sequence at line 60 replaced by U+FFFD.
Invalid UTF-8 byte or sequence at line 60 replaced by U+FFFD.
Invalid UTF-8 byte or sequence at line 60 replaced by U+FFFD.
Invalid UTF-8 byte or sequence at line 60 replaced by U+FFFD.
Invalid UTF-8 byte or sequence at line 60 replaced by U+FFFD.
Invalid UTF-8 byte or sequence at line 60 replaced by U+FFFD.
Invalid UTF-8 byte or sequence at line 60 replaced by U+FFFD.
Invalid UTF-8 byte or sequence at line 60 replaced by U+FFFD.
Invalid UTF-8 byte or sequence at line 60 replaced by U+FFFD.
Invalid UTF-8 byte or sequence at line 60 replaced by U+FFFD.
Invalid UTF-8 byte or sequence at line 60 replaced by U+FFFD.
Invalid UTF-8 byte or sequence at line 60 replaced by U+FFFD.
Invalid UTF-8 byte or sequence at line 60 replaced by U+FFFD.
Invalid UTF-8 byte or sequence at line 60 replaced by U+FFFD.
Invalid UTF-8 byte or sequence at line 60 replaced by U+FFFD.
Invalid UTF-8 byte or sequence at line 60 replaced by U+FFFD.
Invalid UTF-8 byte or sequence at line 60 replaced by U+FFFD.
Invalid UTF-8 byte or sequence at line 60 replaced by U+FFFD.
Invalid UTF-8 byte or sequence at line 60 replaced by U+FFFD.
Invalid UTF-8 byte or sequence at line 60 replaced by U+FFFD.
Invalid UTF-8 byte or sequence at line 60 replaced by U+FFFD.
Invalid UTF-8 byte or sequence at line 60 replaced by U+FFFD.
Invalid UTF-8 byte or sequence at line 60 replaced by U+FFFD.
Invalid UTF-8 byte or sequence at line 60 replaced by U+FFFD.
Invalid UTF-8 byte or sequence at line 60 replaced by U+FFFD.
Invalid UTF-8 byte or sequence at line 60 replaced by U+FFFD.
Invalid UTF-8 byte or sequence at line 60 replaced by U+FFFD.
Invalid UTF-8 byte or sequence at line 60 replaced by U+FFFD.
Invalid UTF-8 byte or sequence at line 60 replaced by U+FFFD.
Invalid UTF-8 byte or sequence at line 60 replaced by U+FFFD.
Invalid UTF-8 byte or sequence at line 60 replaced by U+FFFD.
Invalid UTF-8 byte or sequence at line 60 replaced by U+FFFD.
Invalid UTF-8 byte or sequence at line 60 replaced by U+FFFD.
Invalid UTF-8 byte or sequence at line 60 replaced by U+FFFD.
Invalid UTF-8 byte or sequence at line 60 replaced by U+FFFD.
Invalid UTF-8 byte or sequence at line 60 replaced by U+FFFD.
Invalid UTF-8 byte or sequence at line 60 replaced by U+FFFD.
Invalid UTF-8 byte or sequence at line 60 replaced by U+FFFD.
Invalid UTF-8 byte or sequence at line 60 replaced by U+FFFD.
Invalid UTF-8 byte or sequence at line 60 replaced by U+FFFD.
Invalid UTF-8 byte or sequence at line 60 replaced by U+FFFD.
Invalid UTF-8 byte or sequence at line 60 replaced by U+FFFD.
Invalid UTF-8 byte or sequence at line 60 replaced by U+FFFD.
Invalid UTF-8 byte or sequence at line 60 replaced by U+FFFD.
Invalid UTF-8 byte or sequence at line 60 replaced by U+FFFD.
Invalid UTF-8 byte or sequence at line 60 replaced by U+FFFD.
Invalid UTF-8 byte or sequence at line 60 replaced by U+FFFD.
Invalid UTF-8 byte or sequence at line 60 replaced by U+FFFD.
Invalid UTF-8 byte or sequence at line 60 replaced by U+FFFD.
Invalid UTF-8 byte or sequence at line 60 replaced by U+FFFD.
Invalid UTF-8 byte or sequence at line 60 replaced by U+FFFD.
Invalid UTF-8 byte or sequence at line 60 replaced by U+FFFD.
Invalid UTF-8 byte or sequence at line 60 replaced by U+FFFD.
Invalid UTF-8 byte or sequence at line 60 replaced by U+FFFD.
Invalid UTF-8 byte or sequence at line 60 replaced by U+FFFD.
Invalid UTF-8 byte or sequence at line 60 replaced by U+FFFD.
Invalid UTF-8 byte or sequence at line 60 replaced by U+FFFD.
Invalid UTF-8 byte or sequence at line 60 replaced by U+FFFD.
Invalid UTF-8 byte or sequence at line 60 replaced by U+FFFD.
Invalid UTF-8 byte or sequence at line 60 replaced by U+FFFD.
Invalid UTF-8 byte or sequence at line 60 replaced by U+FFFD.
Invalid UTF-8 byte or sequence at line 60 replaced by U+FFFD.
Invalid UTF-8 byte or sequence at line 60 replaced by U+FFFD.
Invalid UTF-8 byte or sequence at line 60 replaced by U+FFFD.
Invalid UTF-8 byte or sequence at line 60 replaced by U+FFFD.
Invalid UTF-8 byte or sequence at line 60 replaced by U+FFFD.
Invalid UTF-8 byte or sequence at line 60 replaced by U+FFFD.
Invalid UTF-8 byte or sequence at line 60 replaced by U+FFFD.
Invalid UTF-8 byte or sequence at line 60 replaced by U+FFFD.
Invalid UTF-8 byte or sequence at line 60 replaced by U+FFFD.
Invalid UTF-8 byte or sequence at line 60 replaced by U+FFFD.
Invalid UTF-8 byte or sequence at line 60 replaced by U+FFFD.
Invalid UTF-8 byte or sequence at line 60 replaced by U+FFFD.
Invalid UTF-8 byte or sequence at line 60 replaced by U+FFFD.
Invalid UTF-8 byte or sequence at line 60 replaced by U+FFFD.
Invalid UTF-8 byte or sequence at line 60 replaced by U+FFFD.
Invalid UTF-8 byte or sequence at line 60 replaced by U+FFFD.
Invalid UTF-8 byte or sequence at line 60 replaced by U+FFFD.
Invalid UTF-8 byte or sequence at line 60 replaced by U+FFFD.
Invalid UTF-8 byte or sequence at line 60 replaced by U+FFFD.
Invalid UTF-8 byte or sequence at line 60 replaced by U+FFFD.
Invalid UTF-8 byte or sequence at line 60 replaced by U+FFFD.
Invalid UTF-8 byte or sequence at line 60 replaced by U+FFFD.
Invalid UTF-8 byte or sequence at line 60 replaced by U+FFFD.
Invalid UTF-8 byte or sequence at line 60 replaced by U+FFFD.
Invalid UTF-8 byte or sequence at line 60 replaced by U+FFFD.
Invalid UTF-8 byte or sequence at line 60 replaced by U+FFFD.
Invalid UTF-8 byte or sequence at line 60 replaced by U+FFFD.
Invalid UTF-8 byte or sequence at line 60 replaced by U+FFFD.
Invalid UTF-8 byte or sequence at line 60 replaced by U+FFFD.
Invalid UTF-8 byte or sequence at line 60 replaced by U+FFFD.
Invalid UTF-8 byte or sequence at line 60 replaced by U+FFFD.
Invalid UTF-8 byte or sequence at line 60 replaced by U+FFFD.
Invalid UTF-8 byte or sequence at line 60 replaced by U+FFFD.
Invalid UTF-8 byte or sequence at line 60 replaced by U+FFFD.
Invalid UTF-8 byte or sequence at line 60 replaced by U+FFFD.
Invalid UTF-8 byte or sequence at line 60 replaced by U+FFFD.
Invalid UTF-8 byte or sequence at line 60 replaced by U+FFFD.
Invalid UTF-8 byte or sequence at line 60 replaced by U+FFFD.
Invalid UTF-8 byte or sequence at line 60 replaced by U+FFFD.
Invalid UTF-8 byte or sequence at line 60 replaced by U+FFFD.
Invalid UTF-8 byte or sequence at line 60 replaced by U+FFFD.
Invalid UTF-8 byte or sequence at line 60 replaced by U+FFFD.
Invalid UTF-8 byte or sequence at line 60 replaced by U+FFFD.
Invalid UTF-8 byte or sequence at line 60 replaced by U+FFFD.
Invalid UTF-8 byte or sequence at line 60 replaced by U+FFFD.
Invalid UTF-8 byte or sequence at line 60 replaced by U+FFFD.
Invalid UTF-8 byte or sequence at line 60 replaced by U+FFFD.
Invalid UTF-8 byte or sequence at line 60 replaced by U+FFFD.
Invalid UTF-8 byte or sequence at line 60 replaced by U+FFFD.
Invalid UTF-8 byte or sequence at line 60 replaced by U+FFFD.
Invalid UTF-8 byte or sequence at line 60 replaced by U+FFFD.
Invalid UTF-8 byte or sequence at line 60 replaced by U+FFFD.
Invalid UTF-8 byte or sequence at line 60 replaced by U+FFFD.
Invalid UTF-8 byte or sequence at line 60 replaced by U+FFFD.
Invalid UTF-8 byte or sequence at line 60 replaced by U+FFFD.
Invalid UTF-8 byte or sequence at line 60 replaced by U+FFFD.
Invalid UTF-8 byte or sequence at line 60 replaced by U+FFFD.
Invalid UTF-8 byte or sequence at line 60 replaced by U+FFFD.
Invalid UTF-8 byte or sequence at line 60 replaced by U+FFFD.
Invalid UTF-8 byte or sequence at line 60 replaced by U+FFFD.
Invalid UTF-8 byte or sequence at line 60 replaced by U+FFFD.
Invalid UTF-8 byte or sequence at line 60 replaced by U+FFFD.
Invalid UTF-8 byte or sequence at line 60 replaced by U+FFFD.
Invalid UTF-8 byte or sequence at line 60 replaced by U+FFFD.
Invalid UTF-8 byte or sequence at line 60 replaced by U+FFFD.
Invalid UTF-8 byte or sequence at line 60 replaced by U+FFFD.
Invalid UTF-8 byte or sequence at line 60 replaced by U+FFFD.
Invalid UTF-8 byte or sequence at line 60 replaced by U+FFFD.
Invalid UTF-8 byte or sequence at line 60 replaced by U+FFFD.
Invalid UTF-8 byte or sequence at line 60 replaced by U+FFFD.
Invalid UTF-8 byte or sequence at line 60 replaced by U+FFFD.
Invalid UTF-8 byte or sequence at line 60 replaced by U+FFFD.
Invalid UTF-8 byte or sequence at line 60 replaced by U+FFFD.
Invalid UTF-8 byte or sequence at line 60 replaced by U+FFFD.
Invalid UTF-8 byte or sequence at line 60 replaced by U+FFFD.
Invalid UTF-8 byte or sequence at line 60 replaced by U+FFFD.
Invalid UTF-8 byte or sequence at line 60 replaced by U+FFFD.
Invalid UTF-8 byte or sequence at line 60 replaced by U+FFFD.
Invalid UTF-8 byte or sequence at line 60 replaced by U+FFFD.
Invalid UTF-8 byte or sequence at line 60 replaced by U+FFFD.
Invalid UTF-8 byte or sequence at line 60 replaced by U+FFFD.
Invalid UTF-8 byte or sequence at line 60 replaced by U+FFFD.
Invalid UTF-8 byte or sequence at line 60 replaced by U+FFFD.
Invalid UTF-8 byte or sequence at line 60 replaced by U+FFFD.
Invalid UTF-8 byte or sequence at line 60 replaced by U+FFFD.
Invalid UTF-8 byte or sequence at line 60 replaced by U+FFFD.
Invalid UTF-8 byte or sequence at line 60 replaced by U+FFFD.
Invalid UTF-8 byte or sequence at line 60 replaced by U+FFFD.
Invalid UTF-8 byte or sequence at line 60 replaced by U+FFFD.
Invalid UTF-8 byte or sequence at line 60 replaced by U+FFFD.
Invalid UTF-8 byte or sequence at line 60 replaced by U+FFFD.
Invalid UTF-8 byte or sequence at line 60 replaced by U+FFFD.
Invalid UTF-8 byte or sequence at line 60 replaced by U+FFFD.
Invalid UTF-8 byte or sequence at line 60 replaced by U+FFFD.
Invalid UTF-8 byte or sequence at line 60 replaced by U+FFFD.
Invalid UTF-8 byte or sequence at line 60 replaced by U+FFFD.
Invalid UTF-8 byte or sequence at line 60 replaced by U+FFFD.
Invalid UTF-8 byte or sequence at line 60 replaced by U+FFFD.
Invalid UTF-8 byte or sequence at line 60 replaced by U+FFFD.
Invalid UTF-8 byte or sequence at line 60 replaced by U+FFFD.
Invalid UTF-8 byte or sequence at line 60 replaced by U+FFFD.
Invalid UTF-8 byte or sequence at line 60 replaced by U+FFFD.
Invalid UTF-8 byte or sequence at line 60 replaced by U+FFFD.
Invalid UTF-8 byte or sequence at line 60 replaced by U+FFFD.
Invalid UTF-8 byte or sequence at line 60 replaced by U+FFFD.
Invalid UTF-8 byte or sequence at line 60 replaced by U+FFFD.
Invalid UTF-8 byte or sequence at line 60 replaced by U+FFFD.
Invalid UTF-8 byte or sequence at line 60 replaced by U+FFFD.
Invalid UTF-8 byte or sequence at line 60 replaced by U+FFFD.
Invalid UTF-8 byte or sequence at line 60 replaced by U+FFFD.
Invalid UTF-8 byte or sequence at line 60 replaced by U+FFFD.
Invalid UTF-8 byte or sequence at line 60 replaced by U+FFFD.
Invalid UTF-8 byte or sequence at line 60 replaced by U+FFFD.
Invalid UTF-8 byte or sequence at line 60 replaced by U+FFFD.
Invalid UTF-8 byte or sequence at line 60 replaced by U+FFFD.
Invalid UTF-8 byte or sequence at line 60 replaced by U+FFFD.
Invalid UTF-8 byte or sequence at line 60 replaced by U+FFFD.
Invalid UTF-8 byte or sequence at line 60 replaced by U+FFFD.
Invalid UTF-8 byte or sequence at line 60 replaced by U+FFFD.
Invalid UTF-8 byte or sequence at line 60 replaced by U+FFFD.
Invalid UTF-8 byte or sequence at line 60 replaced by U+FFFD.
Invalid UTF-8 byte or sequence at line 60 replaced by U+FFFD.
Invalid UTF-8 byte or sequence at line 60 replaced by U+FFFD.
Invalid UTF-8 byte or sequence at line 60 replaced by U+FFFD.
Invalid UTF-8 byte or sequence at line 60 replaced by U+FFFD.
Invalid UTF-8 byte or sequence at line 60 replaced by U+FFFD.
Invalid UTF-8 byte or sequence at line 60 replaced by U+FFFD.
Invalid UTF-8 byte or sequence at line 60 replaced by U+FFFD.
Invalid UTF-8 byte or sequence at line 60 replaced by U+FFFD.
Invalid UTF-8 byte or sequence at line 60 replaced by U+FFFD.
Invalid UTF-8 byte or sequence at line 60 replaced by U+FFFD.
Invalid UTF-8 byte or sequence at line 60 replaced by U+FFFD.
Invalid UTF-8 byte or sequence at line 60 replaced by U+FFFD.
Invalid UTF-8 byte or sequence at line 60 replaced by U+FFFD.
Invalid UTF-8 byte or sequence at line 60 replaced by U+FFFD.
Invalid UTF-8 byte or sequence at line 60 replaced by U+FFFD.
Invalid UTF-8 byte or sequence at line 60 replaced by U+FFFD.
Invalid UTF-8 byte or sequence at line 60 replaced by U+FFFD.
Invalid UTF-8 byte or sequence at line 60 replaced by U+FFFD.
Invalid UTF-8 byte or sequence at line 60 replaced by U+FFFD.
Invalid UTF-8 byte or sequence at line 60 replaced by U+FFFD.
Invalid UTF-8 byte or sequence at line 60 replaced by U+FFFD.
Invalid UTF-8 byte or sequence at line 60 replaced by U+FFFD.
Invalid UTF-8 byte or sequence at line 60 replaced by U+FFFD.
Invalid UTF-8 byte or sequence at line 60 replaced by U+FFFD.
Invalid UTF-8 byte or sequence at line 60 replaced by U+FFFD.
Invalid UTF-8 byte or sequence at line 60 replaced by U+FFFD.
Invalid UTF-8 byte or sequence at line 60 replaced by U+FFFD.
Invalid UTF-8 byte or sequence at line 60 replaced by U+FFFD.
Invalid UTF-8 byte or sequence at line 60 replaced by U+FFFD.
Invalid UTF-8 byte or sequence at line 60 replaced by U+FFFD.
Invalid UTF-8 byte or sequence at line 60 replaced by U+FFFD.
Invalid UTF-8 byte or sequence at line 60 replaced by U+FFFD.
Invalid UTF-8 byte or sequence at line 60 replaced by U+FFFD.
Invalid UTF-8 byte or sequence at line 60 replaced by U+FFFD.
Invalid UTF-8 byte or sequence at line 60 replaced by U+FFFD.
Invalid UTF-8 byte or sequence at line 60 replaced by U+FFFD.
Invalid UTF-8 byte or sequence at line 60 replaced by U+FFFD.
Invalid UTF-8 byte or sequence at line 60 replaced by U+FFFD.
Invalid UTF-8 byte or sequence at line 60 replaced by U+FFFD.
Invalid UTF-8 byte or sequence at line 60 replaced by U+FFFD.
Invalid UTF-8 byte or sequence at line 60 replaced by U+FFFD.
Invalid UTF-8 byte or sequence at line 60 replaced by U+FFFD.
Invalid UTF-8 byte or sequence at line 60 replaced by U+FFFD.
Invalid UTF-8 byte or sequence at line 60 replaced by U+FFFD.
Invalid UTF-8 byte or sequence at line 60 replaced by U+FFFD.
Invalid UTF-8 byte or sequence at line 60 replaced by U+FFFD.
Invalid UTF-8 byte or sequence at line 60 replaced by U+FFFD.
Invalid UTF-8 byte or sequence at line 60 replaced by U+FFFD.
Invalid UTF-8 byte or sequence at line 60 replaced by U+FFFD.
Invalid UTF-8 byte or sequence at line 60 replaced by U+FFFD.
Invalid UTF-8 byte or sequence at line 60 replaced by U+FFFD.
Invalid UTF-8 byte or sequence at line 60 replaced by U+FFFD.
Invalid UTF-8 byte or sequence at line 60 replaced by U+FFFD.
Invalid UTF-8 byte or sequence at line 60 replaced by U+FFFD.
Invalid UTF-8 byte or sequence at line 60 replaced by U+FFFD.
Invalid UTF-8 byte or sequence at line 60 replaced by U+FFFD.
Invalid UTF-8 byte or sequence at line 60 replaced by U+FFFD.
Invalid UTF-8 byte or sequence at line 60 replaced by U+FFFD.
Invalid UTF-8 byte or sequence at line 60 replaced by U+FFFD.
Invalid UTF-8 byte or sequence at line 60 replaced by U+FFFD.
Invalid UTF-8 byte or sequence at line 60 replaced by U+FFFD.
Invalid UTF-8 byte or sequence at line 60 replaced by U+FFFD.
Invalid UTF-8 byte or sequence at line 60 replaced by U+FFFD.
Invalid UTF-8 byte or sequence at line 60 replaced by U+FFFD.
Invalid UTF-8 byte or sequence at line 60 replaced by U+FFFD.
Invalid UTF-8 byte or sequence at line 60 replaced by U+FFFD.
Invalid UTF-8 byte or sequence at line 60 replaced by U+FFFD.
Invalid UTF-8 byte or sequence at line 60 replaced by U+FFFD.
Invalid UTF-8 byte or sequence at line 60 replaced by U+FFFD.
Invalid UTF-8 byte or sequence at line 60 replaced by U+FFFD.
Invalid UTF-8 byte or sequence at line 60 replaced by U+FFFD.
Invalid UTF-8 byte or sequence at line 60 replaced by U+FFFD.
Invalid UTF-8 byte or sequence at line 60 replaced by U+FFFD.
Invalid UTF-8 byte or sequence at line 60 replaced by U+FFFD.
Invalid UTF-8 byte or sequence at line 60 replaced by U+FFFD.
Invalid UTF-8 byte or sequence at line 60 replaced by U+FFFD.
Invalid UTF-8 byte or sequence at line 60 replaced by U+FFFD.
Invalid UTF-8 byte or sequence at line 60 replaced by U+FFFD.
Invalid UTF-8 byte or sequence at line 60 replaced by U+FFFD.
Invalid UTF-8 byte or sequence at line 60 replaced by U+FFFD.
Invalid UTF-8 byte or sequence at line 60 replaced by U+FFFD.
Invalid UTF-8 byte or sequence at line 60 replaced by U+FFFD.
Invalid UTF-8 byte or sequence at line 60 replaced by U+FFFD.
Invalid UTF-8 byte or sequence at line 60 replaced by U+FFFD.
Invalid UTF-8 byte or sequence at line 60 replaced by U+FFFD.
Invalid UTF-8 byte or sequence at line 60 replaced by U+FFFD.
Invalid UTF-8 byte or sequence at line 60 replaced by U+FFFD.
Invalid UTF-8 byte or sequence at line 60 replaced by U+FFFD.
Invalid UTF-8 byte or sequence at line 60 replaced by U+FFFD.
Invalid UTF-8 byte or sequence at line 60 replaced by U+FFFD.
Invalid UTF-8 byte or sequence at line 60 replaced by U+FFFD.
Invalid UTF-8 byte or sequence at line 60 replaced by U+FFFD.
Invalid UTF-8 byte or sequence at line 60 replaced by U+FFFD.
Invalid UTF-8 byte or sequence at line 60 replaced by U+FFFD.
Invalid UTF-8 byte or sequence at line 60 replaced by U+FFFD.
Invalid UTF-8 byte or sequence at line 60 replaced by U+FFFD.
Invalid UTF-8 byte or sequence at line 60 replaced by U+FFFD.
Invalid UTF-8 byte or sequence at line 60 replaced by U+FFFD.
Invalid UTF-8 byte or sequence at line 60 replaced by U+FFFD.
Invalid UTF-8 byte or sequence at line 60 replaced by U+FFFD.
Invalid UTF-8 byte or sequence at line 60 replaced by U+FFFD.
Invalid UTF-8 byte or sequence at line 60 replaced by U+FFFD.
Invalid UTF-8 byte or sequence at line 60 replaced by U+FFFD.
Invalid UTF-8 byte or sequence at line 60 replaced by U+FFFD.
Invalid UTF-8 byte or sequence at line 60 replaced by U+FFFD.
Invalid UTF-8 byte or sequence at line 60 replaced by U+FFFD.
Invalid UTF-8 byte or sequence at line 60 replaced by U+FFFD.
Invalid UTF-8 byte or sequence at line 60 replaced by U+FFFD.
Invalid UTF-8 byte or sequence at line 60 replaced by U+FFFD.
Invalid UTF-8 byte or sequence at line 60 replaced by U+FFFD.
Invalid UTF-8 byte or sequence at line 60 replaced by U+FFFD.
Invalid UTF-8 byte or sequence at line 60 replaced by U+FFFD.
Invalid UTF-8 byte or sequence at line 60 replaced by U+FFFD.
Invalid UTF-8 byte or sequence at line 60 replaced by U+FFFD.
Invalid UTF-8 byte or sequence at line 60 replaced by U+FFFD.
Invalid UTF-8 byte or sequence at line 60 replaced by U+FFFD.
Invalid UTF-8 byte or sequence at line 60 replaced by U+FFFD.
Invalid UTF-8 byte or sequence at line 60 replaced by U+FFFD.
Invalid UTF-8 byte or sequence at line 60 replaced by U+FFFD.
Invalid UTF-8 byte or sequence at line 60 replaced by U+FFFD.
Invalid UTF-8 byte or sequence at line 60 replaced by U+FFFD.
Invalid UTF-8 byte or sequence at line 60 replaced by U+FFFD.
Invalid UTF-8 byte or sequence at line 60 replaced by U+FFFD.
Invalid UTF-8 byte or sequence at line 60 replaced by U+FFFD.
Invalid UTF-8 byte or sequence at line 60 replaced by U+FFFD.
Invalid UTF-8 byte or sequence at line 60 replaced by U+FFFD.
Invalid UTF-8 byte or sequence at line 60 replaced by U+FFFD.
Invalid UTF-8 byte or sequence at line 60 replaced by U+FFFD.
Invalid UTF-8 byte or sequence at line 60 replaced by U+FFFD.
Invalid UTF-8 byte or sequence at line 60 replaced by U+FFFD.
Invalid UTF-8 byte or sequence at line 60 replaced by U+FFFD.
Invalid UTF-8 byte or sequence at line 60 replaced by U+FFFD.
Invalid UTF-8 byte or sequence at line 60 replaced by U+FFFD.
Invalid UTF-8 byte or sequence at line 60 replaced by U+FFFD.
Invalid UTF-8 byte or sequence at line 60 replaced by U+FFFD.
Invalid UTF-8 byte or sequence at line 60 replaced by U+FFFD.
Invalid UTF-8 byte or sequence at line 60 replaced by U+FFFD.
Invalid UTF-8 byte or sequence at line 60 replaced by U+FFFD.
Invalid UTF-8 byte or sequence at line 60 replaced by U+FFFD.
Invalid UTF-8 byte or sequence at line 60 replaced by U+FFFD.
Invalid UTF-8 byte or sequence at line 60 replaced by U+FFFD.
Invalid UTF-8 byte or sequence at line 60 replaced by U+FFFD.
Invalid UTF-8 byte or sequence at line 60 replaced by U+FFFD.
Invalid UTF-8 byte or sequence at line 60 replaced by U+FFFD.
Invalid UTF-8 byte or sequence at line 60 replaced by U+FFFD.
Invalid UTF-8 byte or sequence at line 60 replaced by U+FFFD.
Invalid UTF-8 byte or sequence at line 60 replaced by U+FFFD.
Invalid UTF-8 byte or sequence at line 60 replaced by U+FFFD.
Invalid UTF-8 byte or sequence at line 60 replaced by U+FFFD.
Invalid UTF-8 byte or sequence at line 60 replaced by U+FFFD.
Invalid UTF-8 byte or sequence at line 60 replaced by U+FFFD.
Invalid UTF-8 byte or sequence at line 60 replaced by U+FFFD.
Invalid UTF-8 byte or sequence at line 60 replaced by U+FFFD.
Invalid UTF-8 byte or sequence at line 60 replaced by U+FFFD.
Invalid UTF-8 byte or sequence at line 60 replaced by U+FFFD.
Invalid UTF-8 byte or sequence at line 60 replaced by U+FFFD.
Invalid UTF-8 byte or sequence at line 60 replaced by U+FFFD.
Invalid UTF-8 byte or sequence at line 60 replaced by U+FFFD.
Invalid UTF-8 byte or sequence at line 60 replaced by U+FFFD.
Invalid UTF-8 byte or sequence at line 60 replaced by U+FFFD.
Invalid UTF-8 byte or sequence at line 60 replaced by U+FFFD.
Invalid UTF-8 byte or sequence at line 60 replaced by U+FFFD.
Invalid UTF-8 byte or sequence at line 60 replaced by U+FFFD.
Invalid UTF-8 byte or sequence at line 60 replaced by U+FFFD.
Invalid UTF-8 byte or sequence at line 60 replaced by U+FFFD.
Invalid UTF-8 byte or sequence at line 60 replaced by U+FFFD.
Invalid UTF-8 byte or sequence at line 60 replaced by U+FFFD.
Invalid UTF-8 byte or sequence at line 60 replaced by U+FFFD.
Invalid UTF-8 byte or sequence at line 60 replaced by U+FFFD.
Invalid UTF-8 byte or sequence at line 60 replaced by U+FFFD.
Invalid UTF-8 byte or sequence at line 60 replaced by U+FFFD.
Invalid UTF-8 byte or sequence at line 60 replaced by U+FFFD.
Invalid UTF-8 byte or sequence at line 60 replaced by U+FFFD.
Invalid UTF-8 byte or sequence at line 60 replaced by U+FFFD.
Invalid UTF-8 byte or sequence at line 60 replaced by U+FFFD.
Invalid UTF-8 byte or sequence at line 60 replaced by U+FFFD.
Invalid UTF-8 byte or sequence at line 60 replaced by U+FFFD.
Invalid UTF-8 byte or sequence at line 60 replaced by U+FFFD.
Invalid UTF-8 byte or sequence at line 60 replaced by U+FFFD.
Invalid UTF-8 byte or sequence at line 60 replaced by U+FFFD.
Invalid UTF-8 byte or sequence at line 60 replaced by U+FFFD.
Invalid UTF-8 byte or sequence at line 60 replaced by U+FFFD.
Invalid UTF-8 byte or sequence at line 60 replaced by U+FFFD.
Invalid UTF-8 byte or sequence at line 60 replaced by U+FFFD.
Invalid UTF-8 byte or sequence at line 60 replaced by U+FFFD.
Invalid UTF-8 byte or sequence at line 60 replaced by U+FFFD.
Invalid UTF-8 byte or sequence at line 60 replaced by U+FFFD.
Invalid UTF-8 byte or sequence at line 60 replaced by U+FFFD.
Invalid UTF-8 byte or sequence at line 60 replaced by U+FFFD.
Invalid UTF-8 byte or sequence at line 60 replaced by U+FFFD.
Invalid UTF-8 byte or sequence at line 60 replaced by U+FFFD.
Invalid UTF-8 byte or sequence at line 60 replaced by U+FFFD.
Invalid UTF-8 byte or sequence at line 60 replaced by U+FFFD.
Invalid UTF-8 byte or sequence at line 60 replaced by U+FFFD.
Invalid UTF-8 byte or sequence at line 60 replaced by U+FFFD.
Invalid UTF-8 byte or sequence at line 60 replaced by U+FFFD.
Invalid UTF-8 byte or sequence at line 60 replaced by U+FFFD.
Invalid UTF-8 byte or sequence at line 60 replaced by U+FFFD.
Invalid UTF-8 byte or sequence at line 60 replaced by U+FFFD.
Invalid UTF-8 byte or sequence at line 60 replaced by U+FFFD.
Invalid UTF-8 byte or sequence at line 60 replaced by U+FFFD.
Invalid UTF-8 byte or sequence at line 60 replaced by U+FFFD.
Invalid UTF-8 byte or sequence at line 60 replaced by U+FFFD.
Invalid UTF-8 byte or sequence at line 60 replaced by U+FFFD.
Invalid UTF-8 byte or sequence at line 60 replaced by U+FFFD.
Invalid UTF-8 byte or sequence at line 60 replaced by U+FFFD.
Invalid UTF-8 byte or sequence at line 60 replaced by U+FFFD.
Invalid UTF-8 byte or sequence at line 60 replaced by U+FFFD.
Invalid UTF-8 byte or sequence at line 60 replaced by U+FFFD.
Invalid UTF-8 byte or sequence at line 60 replaced by U+FFFD.
Invalid UTF-8 byte or sequence at line 60 replaced by U+FFFD.
Invalid UTF-8 byte or sequence at line 60 replaced by U+FFFD.
Invalid UTF-8 byte or sequence at line 60 replaced by U+FFFD.
Invalid UTF-8 byte or sequence at line 60 replaced by U+FFFD.
Invalid UTF-8 byte or sequence at line 60 replaced by U+FFFD.
Invalid UTF-8 byte or sequence at line 60 replaced by U+FFFD.
Invalid UTF-8 byte or sequence at line 60 replaced by U+FFFD.
Invalid UTF-8 byte or sequence at line 60 replaced by U+FFFD.
Invalid UTF-8 byte or sequence at line 60 replaced by U+FFFD.
Invalid UTF-8 byte or sequence at line 60 replaced by U+FFFD.
Invalid UTF-8 byte or sequence at line 60 replaced by U+FFFD.
Invalid UTF-8 byte or sequence at line 60 replaced by U+FFFD.
Invalid UTF-8 byte or sequence at line 60 replaced by U+FFFD.
Invalid UTF-8 byte or sequence at line 60 replaced by U+FFFD.
Invalid UTF-8 byte or sequence at line 60 replaced by U+FFFD.
Invalid UTF-8 byte or sequence at line 60 replaced by U+FFFD.
Invalid UTF-8 byte or sequence at line 60 replaced by U+FFFD.
Invalid UTF-8 byte or sequence at line 60 replaced by U+FFFD.
Invalid UTF-8 byte or sequence at line 60 replaced by U+FFFD.
Invalid UTF-8 byte or sequence at line 60 replaced by U+FFFD.
Invalid UTF-8 byte or sequence at line 60 replaced by U+FFFD.
Invalid UTF-8 byte or sequence at line 60 replaced by U+FFFD.
Invalid UTF-8 byte or sequence at line 60 replaced by U+FFFD.
Invalid UTF-8 byte or sequence at line 60 replaced by U+FFFD.
Invalid UTF-8 byte or sequence at line 60 replaced by U+FFFD.
Invalid UTF-8 byte or sequence at line 60 replaced by U+FFFD.
Invalid UTF-8 byte or sequence at line 60 replaced by U+FFFD.
Invalid UTF-8 byte or sequence at line 60 replaced by U+FFFD.
Invalid UTF-8 byte or sequence at line 60 replaced by U+FFFD.
Invalid UTF-8 byte or sequence at line 60 replaced by U+FFFD.
Invalid UTF-8 byte or sequence at line 60 replaced by U+FFFD.
Invalid UTF-8 byte or sequence at line 60 replaced by U+FFFD.
Invalid UTF-8 byte or sequence at line 60 replaced by U+FFFD.
Invalid UTF-8 byte or sequence at line 60 replaced by U+FFFD.
Invalid UTF-8 byte or sequence at line 60 replaced by U+FFFD.
Invalid UTF-8 byte or sequence at line 60 replaced by U+FFFD.
Invalid UTF-8 byte or sequence at line 60 replaced by U+FFFD.
Invalid UTF-8 byte or sequence at line 60 replaced by U+FFFD.
Invalid UTF-8 byte or sequence at line 60 replaced by U+FFFD.
Invalid UTF-8 byte or sequence at line 60 replaced by U+FFFD.
Invalid UTF-8 byte or sequence at line 60 replaced by U+FFFD.
Invalid UTF-8 byte or sequence at line 60 replaced by U+FFFD.
Invalid UTF-8 byte or sequence at line 60 replaced by U+FFFD.
Invalid UTF-8 byte or sequence at line 60 replaced by U+FFFD.
Invalid UTF-8 byte or sequence at line 60 replaced by U+FFFD.
Invalid UTF-8 byte or sequence at line 60 replaced by U+FFFD.
Invalid UTF-8 byte or sequence at line 60 replaced by U+FFFD.
Invalid UTF-8 byte or sequence at line 60 replaced by U+FFFD.
Invalid UTF-8 byte or sequence at line 60 replaced by U+FFFD.
Invalid UTF-8 byte or sequence at line 60 replaced by U+FFFD.
Invalid UTF-8 byte or sequence at line 60 replaced by U+FFFD.
Invalid UTF-8 byte or sequence at line 60 replaced by U+FFFD.
Invalid UTF-8 byte or sequence at line 60 replaced by U+FFFD.
Invalid UTF-8 byte or sequence at line 60 replaced by U+FFFD.
Invalid UTF-8 byte or sequence at line 60 replaced by U+FFFD.
Invalid UTF-8 byte or sequence at line 60 replaced by U+FFFD.
Invalid UTF-8 byte or sequence at line 60 replaced by U+FFFD.
Invalid UTF-8 byte or sequence at line 60 replaced by U+FFFD.
Invalid UTF-8 byte or sequence at line 60 replaced by U+FFFD.
Invalid UTF-8 byte or sequence at line 60 replaced by U+FFFD.
Invalid UTF-8 byte or sequence at line 60 replaced by U+FFFD.
Invalid UTF-8 byte or sequence at line 60 replaced by U+FFFD.
Invalid UTF-8 byte or sequence at line 60 replaced by U+FFFD.
Invalid UTF-8 byte or sequence at line 60 replaced by U+FFFD.
Invalid UTF-8 byte or sequence at line 60 replaced by U+FFFD.
Invalid UTF-8 byte or sequence at line 60 replaced by U+FFFD.
Invalid UTF-8 byte or sequence at line 60 replaced by U+FFFD.
Invalid UTF-8 byte or sequence at line 60 replaced by U+FFFD.
Invalid UTF-8 byte or sequence at line 60 replaced by U+FFFD.
Invalid UTF-8 byte or sequence at line 60 replaced by U+FFFD.
Invalid UTF-8 byte or sequence at line 60 replaced by U+FFFD.
Invalid UTF-8 byte or sequence at line 60 replaced by U+FFFD.
Invalid UTF-8 byte or sequence at line 60 replaced by U+FFFD.
Invalid UTF-8 byte or sequence at line 60 replaced by U+FFFD.
Invalid UTF-8 byte or sequence at line 60 replaced by U+FFFD.
Invalid UTF-8 byte or sequence at line 60 replaced by U+FFFD.
Invalid UTF-8 byte or sequence at line 60 replaced by U+FFFD.
Invalid UTF-8 byte or sequence at line 60 replaced by U+FFFD.
Invalid UTF-8 byte or sequence at line 60 replaced by U+FFFD.
Invalid UTF-8 byte or sequence at line 60 replaced by U+FFFD.
Invalid UTF-8 byte or sequence at line 60 replaced by U+FFFD.
Invalid UTF-8 byte or sequence at line 60 replaced by U+FFFD.
Invalid UTF-8 byte or sequence at line 60 replaced by U+FFFD.
Invalid UTF-8 byte or sequence at line 60 replaced by U+FFFD.
Invalid UTF-8 byte or sequence at line 60 replaced by U+FFFD.
Invalid UTF-8 byte or sequence at line 60 replaced by U+FFFD.
Invalid UTF-8 byte or sequence at line 60 replaced by U+FFFD.
Invalid UTF-8 byte or sequence at line 60 replaced by U+FFFD.
Invalid UTF-8 byte or sequence at line 60 replaced by U+FFFD.
Invalid UTF-8 byte or sequence at line 60 replaced by U+FFFD.
Invalid UTF-8 byte or sequence at line 60 replaced by U+FFFD.
Invalid UTF-8 byte or sequence at line 60 replaced by U+FFFD.
Invalid UTF-8 byte or sequence at line 60 replaced by U+FFFD.
Invalid UTF-8 byte or sequence at line 60 replaced by U+FFFD.
Invalid UTF-8 byte or sequence at line 60 replaced by U+FFFD.
Invalid UTF-8 byte or sequence at line 60 replaced by U+FFFD.
Invalid UTF-8 byte or sequence at line 60 replaced by U+FFFD.
Invalid UTF-8 byte or sequence at line 60 replaced by U+FFFD.
Invalid UTF-8 byte or sequence at line 60 replaced by U+FFFD.
Invalid UTF-8 byte or sequence at line 60 replaced by U+FFFD.
Invalid UTF-8 byte or sequence at line 60 replaced by U+FFFD.
Invalid UTF-8 byte or sequence at line 60 replaced by U+FFFD.
Invalid UTF-8 byte or sequence at line 60 replaced by U+FFFD.
Invalid UTF-8 byte or sequence at line 60 replaced by U+FFFD.
Invalid UTF-8 byte or sequence at line 60 replaced by U+FFFD.
Invalid UTF-8 byte or sequence at line 60 replaced by U+FFFD.
Invalid UTF-8 byte or sequence at line 60 replaced by U+FFFD.
Invalid UTF-8 byte or sequence at line 60 replaced by U+FFFD.
Invalid UTF-8 byte or sequence at line 60 replaced by U+FFFD.
Invalid UTF-8 byte or sequence at line 60 replaced by U+FFFD.
Invalid UTF-8 byte or sequence at line 60 replaced by U+FFFD.
Invalid UTF-8 byte or sequence at line 60 replaced by U+FFFD.
Invalid UTF-8 byte or sequence at line 60 replaced by U+FFFD.
Invalid UTF-8 byte or sequence at line 60 replaced by U+FFFD.
Invalid UTF-8 byte or sequence at line 60 replaced by U+FFFD.
Invalid UTF-8 byte or sequence at line 60 replaced by U+FFFD.
Invalid UTF-8 byte or sequence at line 60 replaced by U+FFFD.
Invalid UTF-8 byte or sequence at line 60 replaced by U+FFFD.
Invalid UTF-8 byte or sequence at line 60 replaced by U+FFFD.
Invalid UTF-8 byte or sequence at line 60 replaced by U+FFFD.
Invalid UTF-8 byte or sequence at line 60 replaced by U+FFFD.
Invalid UTF-8 byte or sequence at line 60 replaced by U+FFFD.
Invalid UTF-8 byte or sequence at line 60 replaced by U+FFFD.
Invalid UTF-8 byte or sequence at line 60 replaced by U+FFFD.
Invalid UTF-8 byte or sequence at line 60 replaced by U+FFFD.
Invalid UTF-8 byte or sequence at line 60 replaced by U+FFFD.
Invalid UTF-8 byte or sequence at line 60 replaced by U+FFFD.
Invalid UTF-8 byte or sequence at line 60 replaced by U+FFFD.
Invalid UTF-8 byte or sequence at line 60 replaced by U+FFFD.
Invalid UTF-8 byte or sequence at line 60 replaced by U+FFFD.
Invalid UTF-8 byte or sequence at line 60 replaced by U+FFFD.
Invalid UTF-8 byte or sequence at line 60 replaced by U+FFFD.
Invalid UTF-8 byte or sequence at line 60 replaced by U+FFFD.
Invalid UTF-8 byte or sequence at line 60 replaced by U+FFFD.
Invalid UTF-8 byte or sequence at line 60 replaced by U+FFFD.
Invalid UTF-8 byte or sequence at line 60 replaced by U+FFFD.
Invalid UTF-8 byte or sequence at line 60 replaced by U+FFFD.
Invalid UTF-8 byte or sequence at line 60 replaced by U+FFFD.
Invalid UTF-8 byte or sequence at line 60 replaced by U+FFFD.
Invalid UTF-8 byte or sequence at line 60 replaced by U+FFFD.
Invalid UTF-8 byte or sequence at line 60 replaced by U+FFFD.
Invalid UTF-8 byte or sequence at line 60 replaced by U+FFFD.
Invalid UTF-8 byte or sequence at line 60 replaced by U+FFFD.
Invalid UTF-8 byte or sequence at line 60 replaced by U+FFFD.
Invalid UTF-8 byte or sequence at line 60 replaced by U+FFFD.
Invalid UTF-8 byte or sequence at line 60 replaced by U+FFFD.
Invalid UTF-8 byte or sequence at line 60 replaced by U+FFFD.
Invalid UTF-8 byte or sequence at line 60 replaced by U+FFFD.
Invalid UTF-8 byte or sequence at line 60 replaced by U+FFFD.
Invalid UTF-8 byte or sequence at line 60 replaced by U+FFFD.
Invalid UTF-8 byte or sequence at line 60 replaced by U+FFFD.
Invalid UTF-8 byte or sequence at line 60 replaced by U+FFFD.
Invalid UTF-8 byte or sequence at line 60 replaced by U+FFFD.
Invalid UTF-8 byte or sequence at line 60 replaced by U+FFFD.
Invalid UTF-8 byte or sequence at line 60 replaced by U+FFFD.
Invalid UTF-8 byte or sequence at line 60 replaced by U+FFFD.
Invalid UTF-8 byte or sequence at line 60 replaced by U+FFFD.
Invalid UTF-8 byte or sequence at line 60 replaced by U+FFFD.
Invalid UTF-8 byte or sequence at line 60 replaced by U+FFFD.
Invalid UTF-8 byte or sequence at line 60 replaced by U+FFFD.
Invalid UTF-8 byte or sequence at line 60 replaced by U+FFFD.
Invalid UTF-8 byte or sequence at line 60 replaced by U+FFFD.
Invalid UTF-8 byte or sequence at line 60 replaced by U+FFFD.
Invalid UTF-8 byte or sequence at line 60 replaced by U+FFFD.
Invalid UTF-8 byte or sequence at line 60 replaced by U+FFFD.
Invalid UTF-8 byte or sequence at line 60 replaced by U+FFFD.
Invalid UTF-8 byte or sequence at line 60 replaced by U+FFFD.
Invalid UTF-8 byte or sequence at line 60 replaced by U+FFFD.
Invalid UTF-8 byte or sequence at line 60 replaced by U+FFFD.
Invalid UTF-8 byte or sequence at line 60 replaced by U+FFFD.
Invalid UTF-8 byte or sequence at line 60 replaced by U+FFFD.
Invalid UTF-8 byte or sequence at line 60 replaced by U+FFFD.
Invalid UTF-8 byte or sequence at line 60 replaced by U+FFFD.
Invalid UTF-8 byte or sequence at line 60 replaced by U+FFFD.
Invalid UTF-8 byte or sequence at line 60 replaced by U+FFFD.
Invalid UTF-8 byte or sequence at line 60 replaced by U+FFFD.
Invalid UTF-8 byte or sequence at line 60 replaced by U+FFFD.
Invalid UTF-8 byte or sequence at line 60 replaced by U+FFFD.
Invalid UTF-8 byte or sequence at line 60 replaced by U+FFFD.
Invalid UTF-8 byte or sequence at line 60 replaced by U+FFFD.
Invalid UTF-8 byte or sequence at line 60 replaced by U+FFFD.
Invalid UTF-8 byte or sequence at line 60 replaced by U+FFFD.
Invalid UTF-8 byte or sequence at line 60 replaced by U+FFFD.
Invalid UTF-8 byte or sequence at line 60 replaced by U+FFFD.
Invalid UTF-8 byte or sequence at line 60 replaced by U+FFFD.
Invalid UTF-8 byte or sequence at line 60 replaced by U+FFFD.
Invalid UTF-8 byte or sequence at line 60 replaced by U+FFFD.
Invalid UTF-8 byte or sequence at line 60 replaced by U+FFFD.
Invalid UTF-8 byte or sequence at line 60 replaced by U+FFFD.
Invalid UTF-8 byte or sequence at line 60 replaced by U+FFFD.
Invalid UTF-8 byte or sequence at line 60 replaced by U+FFFD.
Invalid UTF-8 byte or sequence at line 60 replaced by U+FFFD.
Invalid UTF-8 byte or sequence at line 60 replaced by U+FFFD.
Invalid UTF-8 byte or sequence at line 60 replaced by U+FFFD.
Invalid UTF-8 byte or sequence at line 60 replaced by U+FFFD.
Invalid UTF-8 byte or sequence at line 60 replaced by U+FFFD.
Invalid UTF-8 byte or sequence at line 60 replaced by U+FFFD.
Invalid UTF-8 byte or sequence at line 60 replaced by U+FFFD.
Invalid UTF-8 byte or sequence at line 60 replaced by U+FFFD.
Invalid UTF-8 byte or sequence at line 60 replaced by U+FFFD.
Invalid UTF-8 byte or sequence at line 60 replaced by U+FFFD.
Invalid UTF-8 byte or sequence at line 60 replaced by U+FFFD.
Invalid UTF-8 byte or sequence at line 60 replaced by U+FFFD.
Invalid UTF-8 byte or sequence at line 60 replaced by U+FFFD.
Invalid UTF-8 byte or sequence at line 60 replaced by U+FFFD.
Invalid UTF-8 byte or sequence at line 60 replaced by U+FFFD.
Invalid UTF-8 byte or sequence at line 60 replaced by U+FFFD.
Invalid UTF-8 byte or sequence at line 60 replaced by U+FFFD.
Invalid UTF-8 byte or sequence at line 60 replaced by U+FFFD.
Invalid UTF-8 byte or sequence at line 60 replaced by U+FFFD.
Invalid UTF-8 byte or sequence at line 60 replaced by U+FFFD.
Invalid UTF-8 byte or sequence at line 60 replaced by U+FFFD.
Invalid UTF-8 byte or sequence at line 60 replaced by U+FFFD.
Invalid UTF-8 byte or sequence at line 60 replaced by U+FFFD.
Invalid UTF-8 byte or sequence at line 60 replaced by U+FFFD.
Invalid UTF-8 byte or sequence at line 60 replaced by U+FFFD.
Invalid UTF-8 byte or sequence at line 60 replaced by U+FFFD.
Invalid UTF-8 byte or sequence at line 60 replaced by U+FFFD.
Invalid UTF-8 byte or sequence at line 60 replaced by U+FFFD.
Invalid UTF-8 byte or sequence at line 60 replaced by U+FFFD.
Invalid UTF-8 byte or sequence at line 60 replaced by U+FFFD.
Invalid UTF-8 byte or sequence at line 60 replaced by U+FFFD.
Invalid UTF-8 byte or sequence at line 60 replaced by U+FFFD.
Invalid UTF-8 byte or sequence at line 60 replaced by U+FFFD.
Invalid UTF-8 byte or sequence at line 60 replaced by U+FFFD.
Invalid UTF-8 byte or sequence at line 60 replaced by U+FFFD.
Invalid UTF-8 byte or sequence at line 60 replaced by U+FFFD.
Invalid UTF-8 byte or sequence at line 60 replaced by U+FFFD.
Invalid UTF-8 byte or sequence at line 60 replaced by U+FFFD.
Invalid UTF-8 byte or sequence at line 60 replaced by U+FFFD.
Invalid UTF-8 byte or sequence at line 60 replaced by U+FFFD.
Invalid UTF-8 byte or sequence at line 60 replaced by U+FFFD.
Invalid UTF-8 byte or sequence at line 60 replaced by U+FFFD.
Invalid UTF-8 byte or sequence at line 60 replaced by U+FFFD.
Invalid UTF-8 byte or sequence at line 60 replaced by U+FFFD.
Invalid UTF-8 byte or sequence at line 60 replaced by U+FFFD.
Invalid UTF-8 byte or sequence at line 60 replaced by U+FFFD.
Invalid UTF-8 byte or sequence at line 60 replaced by U+FFFD.
Invalid UTF-8 byte or sequence at line 60 replaced by U+FFFD.
Invalid UTF-8 byte or sequence at line 60 replaced by U+FFFD.
Invalid UTF-8 byte or sequence at line 60 replaced by U+FFFD.
Invalid UTF-8 byte or sequence at line 60 replaced by U+FFFD.
Invalid UTF-8 byte or sequence at line 60 replaced by U+FFFD.
Invalid UTF-8 byte or sequence at line 60 replaced by U+FFFD.
Invalid UTF-8 byte or sequence at line 60 replaced by U+FFFD.
Invalid UTF-8 byte or sequence at line 60 replaced by U+FFFD.
Invalid UTF-8 byte or sequence at line 60 replaced by U+FFFD.
Invalid UTF-8 byte or sequence at line 60 replaced by U+FFFD.
Invalid UTF-8 byte or sequence at line 60 replaced by U+FFFD.
Invalid UTF-8 byte or sequence at line 60 replaced by U+FFFD.
Invalid UTF-8 byte or sequence at line 60 replaced by U+FFFD.
Invalid UTF-8 byte or sequence at line 60 replaced by U+FFFD.
Invalid UTF-8 byte or sequence at line 60 replaced by U+FFFD.
Invalid UTF-8 byte or sequence at line 60 replaced by U+FFFD.
Invalid UTF-8 byte or sequence at line 60 replaced by U+FFFD.
Invalid UTF-8 byte or sequence at line 60 replaced by U+FFFD.
Invalid UTF-8 byte or sequence at line 60 replaced by U+FFFD.
Invalid UTF-8 byte or sequence at line 60 replaced by U+FFFD.
Invalid UTF-8 byte or sequence at line 60 replaced by U+FFFD.
Invalid UTF-8 byte or sequence at line 60 replaced by U+FFFD.
Invalid UTF-8 byte or sequence at line 60 replaced by U+FFFD.
Invalid UTF-8 byte or sequence at line 60 replaced by U+FFFD.
Invalid UTF-8 byte or sequence at line 60 replaced by U+FFFD.
Invalid UTF-8 byte or sequence at line 60 replaced by U+FFFD.
Invalid UTF-8 byte or sequence at line 60 replaced by U+FFFD.
Invalid UTF-8 byte or sequence at line 60 replaced by U+FFFD.
Invalid UTF-8 byte or sequence at line 60 replaced by U+FFFD.
Invalid UTF-8 byte or sequence at line 60 replaced by U+FFFD.
Invalid UTF-8 byte or sequence at line 60 replaced by U+FFFD.
Invalid UTF-8 byte or sequence at line 60 replaced by U+FFFD.
Invalid UTF-8 byte or sequence at line 60 replaced by U+FFFD.
Invalid UTF-8 byte or sequence at line 60 replaced by U+FFFD.
Invalid UTF-8 byte or sequence at line 60 replaced by U+FFFD.
Invalid UTF-8 byte or sequence at line 60 replaced by U+FFFD.
Invalid UTF-8 byte or sequence at line 60 replaced by U+FFFD.
Invalid UTF-8 byte or sequence at line 60 replaced by U+FFFD.
Invalid UTF-8 byte or sequence at line 60 replaced by U+FFFD.
Invalid UTF-8 byte or sequence at line 60 replaced by U+FFFD.
Invalid UTF-8 byte or sequence at line 60 replaced by U+FFFD.
Invalid UTF-8 byte or sequence at line 60 replaced by U+FFFD.
Invalid UTF-8 byte or sequence at line 60 replaced by U+FFFD.
Invalid UTF-8 byte or sequence at line 60 replaced by U+FFFD.
Invalid UTF-8 byte or sequence at line 60 replaced by U+FFFD.
Invalid UTF-8 byte or sequence at line 60 replaced by U+FFFD.
Invalid UTF-8 byte or sequence at line 60 replaced by U+FFFD.
Invalid UTF-8 byte or sequence at line 60 replaced by U+FFFD.
Invalid UTF-8 byte or sequence at line 60 replaced by U+FFFD.
Invalid UTF-8 byte or sequence at line 60 replaced by U+FFFD.
Invalid UTF-8 byte or sequence at line 60 replaced by U+FFFD.
Invalid UTF-8 byte or sequence at line 60 replaced by U+FFFD.
Invalid UTF-8 byte or sequence at line 60 replaced by U+FFFD.
Invalid UTF-8 byte or sequence at line 60 replaced by U+FFFD.
Invalid UTF-8 byte or sequence at line 60 replaced by U+FFFD.
Invalid UTF-8 byte or sequence at line 60 replaced by U+FFFD.
Invalid UTF-8 byte or sequence at line 60 replaced by U+FFFD.
Invalid UTF-8 byte or sequence at line 60 replaced by U+FFFD.
Invalid UTF-8 byte or sequence at line 60 replaced by U+FFFD.
Invalid UTF-8 byte or sequence at line 60 replaced by U+FFFD.
Invalid UTF-8 byte or sequence at line 60 replaced by U+FFFD.
Invalid UTF-8 byte or sequence at line 60 replaced by U+FFFD.
Invalid UTF-8 byte or sequence at line 60 replaced by U+FFFD.
Invalid UTF-8 byte or sequence at line 60 replaced by U+FFFD.
Invalid UTF-8 byte or sequence at line 60 replaced by U+FFFD.
Invalid UTF-8 byte or sequence at line 60 replaced by U+FFFD.
Invalid UTF-8 byte or sequence at line 60 replaced by U+FFFD.
Invalid UTF-8 byte or sequence at line 60 replaced by U+FFFD.
Invalid UTF-8 byte or sequence at line 60 replaced by U+FFFD.
Invalid UTF-8 byte or sequence at line 60 replaced by U+FFFD.
Invalid UTF-8 byte or sequence at line 60 replaced by U+FFFD.
Invalid UTF-8 byte or sequence at line 60 replaced by U+FFFD.
Invalid UTF-8 byte or sequence at line 60 replaced by U+FFFD.
Invalid UTF-8 byte or sequence at line 60 replaced by U+FFFD.
Invalid UTF-8 byte or sequence at line 60 replaced by U+FFFD.
Invalid UTF-8 byte or sequence at line 60 replaced by U+FFFD.
Invalid UTF-8 byte or sequence at line 60 replaced by U+FFFD.
Invalid UTF-8 byte or sequence at line 60 replaced by U+FFFD.
Invalid UTF-8 byte or sequence at line 60 replaced by U+FFFD.
Invalid UTF-8 byte or sequence at line 60 replaced by U+FFFD.
Invalid UTF-8 byte or sequence at line 60 replaced by U+FFFD.
Invalid UTF-8 byte or sequence at line 60 replaced by U+FFFD.
Invalid UTF-8 byte or sequence at line 60 replaced by U+FFFD.
Invalid UTF-8 byte or sequence at line 60 replaced by U+FFFD.
Invalid UTF-8 byte or sequence at line 60 replaced by U+FFFD.
Invalid UTF-8 byte or sequence at line 60 replaced by U+FFFD.
Invalid UTF-8 byte or sequence at line 60 replaced by U+FFFD.
Invalid UTF-8 byte or sequence at line 60 replaced by U+FFFD.
Invalid UTF-8 byte or sequence at line 60 replaced by U+FFFD.
Invalid UTF-8 byte or sequence at line 60 replaced by U+FFFD.
Invalid UTF-8 byte or sequence at line 60 replaced by U+FFFD.
Invalid UTF-8 byte or sequence at line 60 replaced by U+FFFD.
Invalid UTF-8 byte or sequence at line 60 replaced by U+FFFD.
Invalid UTF-8 byte or sequence at line 60 replaced by U+FFFD.
Invalid UTF-8 byte or sequence at line 60 replaced by U+FFFD.
Invalid UTF-8 byte or sequence at line 60 replaced by U+FFFD.
Invalid UTF-8 byte or sequence at line 60 replaced by U+FFFD.
Invalid UTF-8 byte or sequence at line 60 replaced by U+FFFD.
Invalid UTF-8 byte or sequence at line 60 replaced by U+FFFD.
Invalid UTF-8 byte or sequence at line 60 replaced by U+FFFD.
Invalid UTF-8 byte or sequence at line 60 replaced by U+FFFD.
Invalid UTF-8 byte or sequence at line 60 replaced by U+FFFD.
Invalid UTF-8 byte or sequence at line 60 replaced by U+FFFD.
Invalid UTF-8 byte or sequence at line 60 replaced by U+FFFD.
Invalid UTF-8 byte or sequence at line 60 replaced by U+FFFD.
Invalid UTF-8 byte or sequence at line 60 replaced by U+FFFD.
Invalid UTF-8 byte or sequence at line 60 replaced by U+FFFD.
Invalid UTF-8 byte or sequence at line 60 replaced by U+FFFD.
Invalid UTF-8 byte or sequence at line 60 replaced by U+FFFD.
Invalid UTF-8 byte or sequence at line 60 replaced by U+FFFD.
Invalid UTF-8 byte or sequence at line 60 replaced by U+FFFD.
Invalid UTF-8 byte or sequence at line 60 replaced by U+FFFD.
Invalid UTF-8 byte or sequence at line 60 replaced by U+FFFD.
Invalid UTF-8 byte or sequence at line 60 replaced by U+FFFD.
Invalid UTF-8 byte or sequence at line 60 replaced by U+FFFD.
Invalid UTF-8 byte or sequence at line 60 replaced by U+FFFD.
Invalid UTF-8 byte or sequence at line 60 replaced by U+FFFD.
Invalid UTF-8 byte or sequence at line 60 replaced by U+FFFD.
Invalid UTF-8 byte or sequence at line 60 replaced by U+FFFD.
Invalid UTF-8 byte or sequence at line 60 replaced by U+FFFD.
Invalid UTF-8 byte or sequence at line 60 replaced by U+FFFD.
Invalid UTF-8 byte or sequence at line 60 replaced by U+FFFD.
Invalid UTF-8 byte or sequence at line 60 replaced by U+FFFD.
Invalid UTF-8 byte or sequence at line 60 replaced by U+FFFD.
Invalid UTF-8 byte or sequence at line 60 replaced by U+FFFD.
Invalid UTF-8 byte or sequence at line 60 replaced by U+FFFD.
Invalid UTF-8 byte or sequence at line 60 replaced by U+FFFD.
Invalid UTF-8 byte or sequence at line 60 replaced by U+FFFD.
Invalid UTF-8 byte or sequence at line 60 replaced by U+FFFD.
Invalid UTF-8 byte or sequence at line 60 replaced by U+FFFD.
Invalid UTF-8 byte or sequence at line 60 replaced by U+FFFD.
Invalid UTF-8 byte or sequence at line 60 replaced by U+FFFD.
Invalid UTF-8 byte or sequence at line 60 replaced by U+FFFD.
Invalid UTF-8 byte or sequence at line 60 replaced by U+FFFD.
Invalid UTF-8 byte or sequence at line 60 replaced by U+FFFD.
Invalid UTF-8 byte or sequence at line 60 replaced by U+FFFD.
Invalid UTF-8 byte or sequence at line 60 replaced by U+FFFD.
Invalid UTF-8 byte or sequence at line 60 replaced by U+FFFD.
Invalid UTF-8 byte or sequence at line 60 replaced by U+FFFD.
Invalid UTF-8 byte or sequence at line 60 replaced by U+FFFD.
Invalid UTF-8 byte or sequence at line 60 replaced by U+FFFD.
Invalid UTF-8 byte or sequence at line 60 replaced by U+FFFD.
Invalid UTF-8 byte or sequence at line 60 replaced by U+FFFD.
Invalid UTF-8 byte or sequence at line 60 replaced by U+FFFD.
Invalid UTF-8 byte or sequence at line 60 replaced by U+FFFD.
Invalid UTF-8 byte or sequence at line 60 replaced by U+FFFD.
Invalid UTF-8 byte or sequence at line 60 replaced by U+FFFD.
Invalid UTF-8 byte or sequence at line 60 replaced by U+FFFD.
Invalid UTF-8 byte or sequence at line 60 replaced by U+FFFD.
Invalid UTF-8 byte or sequence at line 60 replaced by U+FFFD.
Invalid UTF-8 byte or sequence at line 60 replaced by U+FFFD.
Invalid UTF-8 byte or sequence at line 60 replaced by U+FFFD.
Invalid UTF-8 byte or sequence at line 60 replaced by U+FFFD.
Invalid UTF-8 byte or sequence at line 60 replaced by U+FFFD.
Invalid UTF-8 byte or sequence at line 60 replaced by U+FFFD.
Invalid UTF-8 byte or sequence at line 60 replaced by U+FFFD.
Invalid UTF-8 byte or sequence at line 60 replaced by U+FFFD.
Invalid UTF-8 byte or sequence at line 60 replaced by U+FFFD.
Invalid UTF-8 byte or sequence at line 60 replaced by U+FFFD.
Invalid UTF-8 byte or sequence at line 60 replaced by U+FFFD.
Invalid UTF-8 byte or sequence at line 60 replaced by U+FFFD.
Invalid UTF-8 byte or sequence at line 60 replaced by U+FFFD.
Invalid UTF-8 byte or sequence at line 60 replaced by U+FFFD.
Invalid UTF-8 byte or sequence at line 60 replaced by U+FFFD.
Invalid UTF-8 byte or sequence at line 60 replaced by U+FFFD.
Invalid UTF-8 byte or sequence at line 60 replaced by U+FFFD.
Invalid UTF-8 byte or sequence at line 60 replaced by U+FFFD.
Invalid UTF-8 byte or sequence at line 60 replaced by U+FFFD.
Invalid UTF-8 byte or sequence at line 60 replaced by U+FFFD.
Invalid UTF-8 byte or sequence at line 60 replaced by U+FFFD.
Invalid UTF-8 byte or sequence at line 60 replaced by U+FFFD.
Invalid UTF-8 byte or sequence at line 60 replaced by U+FFFD.
Invalid UTF-8 byte or sequence at line 60 replaced by U+FFFD.
Invalid UTF-8 byte or sequence at line 60 replaced by U+FFFD.
Invalid UTF-8 byte or sequence at line 60 replaced by U+FFFD.
Invalid UTF-8 byte or sequence at line 60 replaced by U+FFFD.
Invalid UTF-8 byte or sequence at line 60 replaced by U+FFFD.
Invalid UTF-8 byte or sequence at line 60 replaced by U+FFFD.
Invalid UTF-8 byte or sequence at line 60 replaced by U+FFFD.
Invalid UTF-8 byte or sequence at line 60 replaced by U+FFFD.
Invalid UTF-8 byte or sequence at line 60 replaced by U+FFFD.
Invalid UTF-8 byte or sequence at line 60 replaced by U+FFFD.
Invalid UTF-8 byte or sequence at line 60 replaced by U+FFFD.
Invalid UTF-8 byte or sequence at line 60 replaced by U+FFFD.
Invalid UTF-8 byte or sequence at line 60 replaced by U+FFFD.
Invalid UTF-8 byte or sequence at line 60 replaced by U+FFFD.
Invalid UTF-8 byte or sequence at line 60 replaced by U+FFFD.
Invalid UTF-8 byte or sequence at line 60 replaced by U+FFFD.
Invalid UTF-8 byte or sequence at line 60 replaced by U+FFFD.
Invalid UTF-8 byte or sequence at line 60 replaced by U+FFFD.
Invalid UTF-8 byte or sequence at line 60 replaced by U+FFFD.
Invalid UTF-8 byte or sequence at line 60 replaced by U+FFFD.
Invalid UTF-8 byte or sequence at line 60 replaced by U+FFFD.
Invalid UTF-8 byte or sequence at line 60 replaced by U+FFFD.
Invalid UTF-8 byte or sequence at line 60 replaced by U+FFFD.
Invalid UTF-8 byte or sequence at line 60 replaced by U+FFFD.
Invalid UTF-8 byte or sequence at line 60 replaced by U+FFFD.
Invalid UTF-8 byte or sequence at line 60 replaced by U+FFFD.
Invalid UTF-8 byte or sequence at line 60 replaced by U+FFFD.
Invalid UTF-8 byte or sequence at line 60 replaced by U+FFFD.
Invalid UTF-8 byte or sequence at line 60 replaced by U+FFFD.
Invalid UTF-8 byte or sequence at line 60 replaced by U+FFFD.
Invalid UTF-8 byte or sequence at line 60 replaced by U+FFFD.
Invalid UTF-8 byte or sequence at line 60 replaced by U+FFFD.
Invalid UTF-8 byte or sequence at line 60 replaced by U+FFFD.
Invalid UTF-8 byte or sequence at line 60 replaced by U+FFFD.
Invalid UTF-8 byte or sequence at line 60 replaced by U+FFFD.
Invalid UTF-8 byte or sequence at line 60 replaced by U+FFFD.
Invalid UTF-8 byte or sequence at line 60 replaced by U+FFFD.
Invalid UTF-8 byte or sequence at line 60 replaced by U+FFFD.
Invalid UTF-8 byte or sequence at line 60 replaced by U+FFFD.
Invalid UTF-8 byte or sequence at line 60 replaced by U+FFFD.
Invalid UTF-8 byte or sequence at line 60 replaced by U+FFFD.
Invalid UTF-8 byte or sequence at line 60 replaced by U+FFFD.
Invalid UTF-8 byte or sequence at line 60 replaced by U+FFFD.
Invalid UTF-8 byte or sequence at line 60 replaced by U+FFFD.
Invalid UTF-8 byte or sequence at line 60 replaced by U+FFFD.
Invalid UTF-8 byte or sequence at line 60 replaced by U+FFFD.
Invalid UTF-8 byte or sequence at line 60 replaced by U+FFFD.
Invalid UTF-8 byte or sequence at line 60 replaced by U+FFFD.
Invalid UTF-8 byte or sequence at line 60 replaced by U+FFFD.
Invalid UTF-8 byte or sequence at line 60 replaced by U+FFFD.
Invalid UTF-8 byte or sequence at line 60 replaced by U+FFFD.
Invalid UTF-8 byte or sequence at line 60 replaced by U+FFFD.
Invalid UTF-8 byte or sequence at line 60 replaced by U+FFFD.
Invalid UTF-8 byte or sequence at line 60 replaced by U+FFFD.
Invalid UTF-8 byte or sequence at line 60 replaced by U+FFFD.
Invalid UTF-8 byte or sequence at line 60 replaced by U+FFFD.
Invalid UTF-8 byte or sequence at line 60 replaced by U+FFFD.
Invalid UTF-8 byte or sequence at line 60 replaced by U+FFFD.
Invalid UTF-8 byte or sequence at line 60 replaced by U+FFFD.
Invalid UTF-8 byte or sequence at line 60 replaced by U+FFFD.
Invalid UTF-8 byte or sequence at line 60 replaced by U+FFFD.
Invalid UTF-8 byte or sequence at line 60 replaced by U+FFFD.
Invalid UTF-8 byte or sequence at line 60 replaced by U+FFFD.
Invalid UTF-8 byte or sequence at line 60 replaced by U+FFFD.
Invalid UTF-8 byte or sequence at line 60 replaced by U+FFFD.
Invalid UTF-8 byte or sequence at line 60 replaced by U+FFFD.
Invalid UTF-8 byte or sequence at line 60 replaced by U+FFFD.
Invalid UTF-8 byte or sequence at line 60 replaced by U+FFFD.
Invalid UTF-8 byte or sequence at line 60 replaced by U+FFFD.
Invalid UTF-8 byte or sequence at line 60 replaced by U+FFFD.
Invalid UTF-8 byte or sequence at line 60 replaced by U+FFFD.
Invalid UTF-8 byte or sequence at line 60 replaced by U+FFFD.
Invalid UTF-8 byte or sequence at line 60 replaced by U+FFFD.
Invalid UTF-8 byte or sequence at line 60 replaced by U+FFFD.
Invalid UTF-8 byte or sequence at line 60 replaced by U+FFFD.
Invalid UTF-8 byte or sequence at line 60 replaced by U+FFFD.
Invalid UTF-8 byte or sequence at line 60 replaced by U+FFFD.
Invalid UTF-8 byte or sequence at line 60 replaced by U+FFFD.
Invalid UTF-8 byte or sequence at line 60 replaced by U+FFFD.
Invalid UTF-8 byte or sequence at line 60 replaced by U+FFFD.
Invalid UTF-8 byte or sequence at line 60 replaced by U+FFFD.
Invalid UTF-8 byte or sequence at line 60 replaced by U+FFFD.
Invalid UTF-8 byte or sequence at line 60 replaced by U+FFFD.
Invalid UTF-8 byte or sequence at line 60 replaced by U+FFFD.
Invalid UTF-8 byte or sequence at line 60 replaced by U+FFFD.
Invalid UTF-8 byte or sequence at line 60 replaced by U+FFFD.
Invalid UTF-8 byte or sequence at line 60 replaced by U+FFFD.
Invalid UTF-8 byte or sequence at line 60 replaced by U+FFFD.
Invalid UTF-8 byte or sequence at line 60 replaced by U+FFFD.
Invalid UTF-8 byte or sequence at line 60 replaced by U+FFFD.
Invalid UTF-8 byte or sequence at line 60 replaced by U+FFFD.
Invalid UTF-8 byte or sequence at line 60 replaced by U+FFFD.
Invalid UTF-8 byte or sequence at line 60 replaced by U+FFFD.
Invalid UTF-8 byte or sequence at line 60 replaced by U+FFFD.
Invalid UTF-8 byte or sequence at line 60 replaced by U+FFFD.
Invalid UTF-8 byte or sequence at line 60 replaced by U+FFFD.
Invalid UTF-8 byte or sequence at line 60 replaced by U+FFFD.
Invalid UTF-8 byte or sequence at line 60 replaced by U+FFFD.
Invalid UTF-8 byte or sequence at line 60 replaced by U+FFFD.
Invalid UTF-8 byte or sequence at line 60 replaced by U+FFFD.
Invalid UTF-8 byte or sequence at line 60 replaced by U+FFFD.
Invalid UTF-8 byte or sequence at line 60 replaced by U+FFFD.
Invalid UTF-8 byte or sequence at line 60 replaced by U+FFFD.
Invalid UTF-8 byte or sequence at line 60 replaced by U+FFFD.
Invalid UTF-8 byte or sequence at line 60 replaced by U+FFFD.
Invalid UTF-8 byte or sequence at line 60 replaced by U+FFFD.
Invalid UTF-8 byte or sequence at line 60 replaced by U+FFFD.
Invalid UTF-8 byte or sequence at line 60 replaced by U+FFFD.
Invalid UTF-8 byte or sequence at line 60 replaced by U+FFFD.
Invalid UTF-8 byte or sequence at line 60 replaced by U+FFFD.
Invalid UTF-8 byte or sequence at line 60 replaced by U+FFFD.
Invalid UTF-8 byte or sequence at line 60 replaced by U+FFFD.
Invalid UTF-8 byte or sequence at line 60 replaced by U+FFFD.
Invalid UTF-8 byte or sequence at line 60 replaced by U+FFFD.
Invalid UTF-8 byte or sequence at line 60 replaced by U+FFFD.
Invalid UTF-8 byte or sequence at line 60 replaced by U+FFFD.
Invalid UTF-8 byte or sequence at line 60 replaced by U+FFFD.
Invalid UTF-8 byte or sequence at line 60 replaced by U+FFFD.
Invalid UTF-8 byte or sequence at line 60 replaced by U+FFFD.
Invalid UTF-8 byte or sequence at line 60 replaced by U+FFFD.
Invalid UTF-8 byte or sequence at line 60 replaced by U+FFFD.
Invalid UTF-8 byte or sequence at line 60 replaced by U+FFFD.
Invalid UTF-8 byte or sequence at line 60 replaced by U+FFFD.
Invalid UTF-8 byte or sequence at line 60 replaced by U+FFFD.
Invalid UTF-8 byte or sequence at line 60 replaced by U+FFFD.
Invalid UTF-8 byte or sequence at line 60 replaced by U+FFFD.
Invalid UTF-8 byte or sequence at line 60 replaced by U+FFFD.
Invalid UTF-8 byte or sequence at line 60 replaced by U+FFFD.
Invalid UTF-8 byte or sequence at line 60 replaced by U+FFFD.
Invalid UTF-8 byte or sequence at line 60 replaced by U+FFFD.
Invalid UTF-8 byte or sequence at line 60 replaced by U+FFFD.
Invalid UTF-8 byte or sequence at line 60 replaced by U+FFFD.
Invalid UTF-8 byte or sequence at line 60 replaced by U+FFFD.
Invalid UTF-8 byte or sequence at line 60 replaced by U+FFFD.
Invalid UTF-8 byte or sequence at line 60 replaced by U+FFFD.
Invalid UTF-8 byte or sequence at line 60 replaced by U+FFFD.
Invalid UTF-8 byte or sequence at line 60 replaced by U+FFFD.
Invalid UTF-8 byte or sequence at line 60 replaced by U+FFFD.
Invalid UTF-8 byte or sequence at line 60 replaced by U+FFFD.
Invalid UTF-8 byte or sequence at line 60 replaced by U+FFFD.
Invalid UTF-8 byte or sequence at line 60 replaced by U+FFFD.
Invalid UTF-8 byte or sequence at line 60 replaced by U+FFFD.
Invalid UTF-8 byte or sequence at line 60 replaced by U+FFFD.
Invalid UTF-8 byte or sequence at line 60 replaced by U+FFFD.
Invalid UTF-8 byte or sequence at line 60 replaced by U+FFFD.
Invalid UTF-8 byte or sequence at line 60 replaced by U+FFFD.
Invalid UTF-8 byte or sequence at line 60 replaced by U+FFFD.
Invalid UTF-8 byte or sequence at line 60 replaced by U+FFFD.
Invalid UTF-8 byte or sequence at line 60 replaced by U+FFFD.
Invalid UTF-8 byte or sequence at line 60 replaced by U+FFFD.
Invalid UTF-8 byte or sequence at line 60 replaced by U+FFFD.
Invalid UTF-8 byte or sequence at line 60 replaced by U+FFFD.
Invalid UTF-8 byte or sequence at line 60 replaced by U+FFFD.
Invalid UTF-8 byte or sequence at line 60 replaced by U+FFFD.
Invalid UTF-8 byte or sequence at line 60 replaced by U+FFFD.
Invalid UTF-8 byte or sequence at line 60 replaced by U+FFFD.
Invalid UTF-8 byte or sequence at line 60 replaced by U+FFFD.
Invalid UTF-8 byte or sequence at line 60 replaced by U+FFFD.
Invalid UTF-8 byte or sequence at line 60 replaced by U+FFFD.
Invalid UTF-8 byte or sequence at line 60 replaced by U+FFFD.
Invalid UTF-8 byte or sequence at line 60 replaced by U+FFFD.
Invalid UTF-8 byte or sequence at line 60 replaced by U+FFFD.
Invalid UTF-8 byte or sequence at line 60 replaced by U+FFFD.
Invalid UTF-8 byte or sequence at line 60 replaced by U+FFFD.
Invalid UTF-8 byte or sequence at line 60 replaced by U+FFFD.
Invalid UTF-8 byte or sequence at line 60 replaced by U+FFFD.
Invalid UTF-8 byte or sequence at line 60 replaced by U+FFFD.
Invalid UTF-8 byte or sequence at line 60 replaced by U+FFFD.
Invalid UTF-8 byte or sequence at line 60 replaced by U+FFFD.
Invalid UTF-8 byte or sequence at line 60 replaced by U+FFFD.
Invalid UTF-8 byte or sequence at line 60 replaced by U+FFFD.
Invalid UTF-8 byte or sequence at line 60 replaced by U+FFFD.
Invalid UTF-8 byte or sequence at line 60 replaced by U+FFFD.
Invalid UTF-8 byte or sequence at line 60 replaced by U+FFFD.
Invalid UTF-8 byte or sequence at line 60 replaced by U+FFFD.
Invalid UTF-8 byte or sequence at line 60 replaced by U+FFFD.
Invalid UTF-8 byte or sequence at line 60 replaced by U+FFFD.
Invalid UTF-8 byte or sequence at line 60 replaced by U+FFFD.
Invalid UTF-8 byte or sequence at line 60 replaced by U+FFFD.
Invalid UTF-8 byte or sequence at line 60 replaced by U+FFFD.
Invalid UTF-8 byte or sequence at line 60 replaced by U+FFFD.
Invalid UTF-8 byte or sequence at line 60 replaced by U+FFFD.
Invalid UTF-8 byte or sequence at line 60 replaced by U+FFFD.
Invalid UTF-8 byte or sequence at line 60 replaced by U+FFFD.
Invalid UTF-8 byte or sequence at line 60 replaced by U+FFFD.
Invalid UTF-8 byte or sequence at line 60 replaced by U+FFFD.
Invalid UTF-8 byte or sequence at line 60 replaced by U+FFFD.
Invalid UTF-8 byte or sequence at line 60 replaced by U+FFFD.
Invalid UTF-8 byte or sequence at line 60 replaced by U+FFFD.
Invalid UTF-8 byte or sequence at line 60 replaced by U+FFFD.
Invalid UTF-8 byte or sequence at line 60 replaced by U+FFFD.
Invalid UTF-8 byte or sequence at line 60 replaced by U+FFFD.
Invalid UTF-8 byte or sequence at line 60 replaced by U+FFFD.
Invalid UTF-8 byte or sequence at line 60 replaced by U+FFFD.
Invalid UTF-8 byte or sequence at line 60 replaced by U+FFFD.
Invalid UTF-8 byte or sequence at line 60 replaced by U+FFFD.
Invalid UTF-8 byte or sequence at line 60 replaced by U+FFFD.
Invalid UTF-8 byte or sequence at line 60 replaced by U+FFFD.
Invalid UTF-8 byte or sequence at line 60 replaced by U+FFFD.
Invalid UTF-8 byte or sequence at line 60 replaced by U+FFFD.
Invalid UTF-8 byte or sequence at line 60 replaced by U+FFFD.
Invalid UTF-8 byte or sequence at line 60 replaced by U+FFFD.
Invalid UTF-8 byte or sequence at line 60 replaced by U+FFFD.
Invalid UTF-8 byte or sequence at line 60 replaced by U+FFFD.
Invalid UTF-8 byte or sequence at line 60 replaced by U+FFFD.
Invalid UTF-8 byte or sequence at line 60 replaced by U+FFFD.
Invalid UTF-8 byte or sequence at line 60 replaced by U+FFFD.
Invalid UTF-8 byte or sequence at line 60 replaced by U+FFFD.
Invalid UTF-8 byte or sequence at line 60 replaced by U+FFFD.
Invalid UTF-8 byte or sequence at line 60 replaced by U+FFFD.
Invalid UTF-8 byte or sequence at line 60 replaced by U+FFFD.
Invalid UTF-8 byte or sequence at line 60 replaced by U+FFFD.
Invalid UTF-8 byte or sequence at line 60 replaced by U+FFFD.
Invalid UTF-8 byte or sequence at line 60 replaced by U+FFFD.
Invalid UTF-8 byte or sequence at line 60 replaced by U+FFFD.
Invalid UTF-8 byte or sequence at line 60 replaced by U+FFFD.
Invalid UTF-8 byte or sequence at line 60 replaced by U+FFFD.
Invalid UTF-8 byte or sequence at line 60 replaced by U+FFFD.
Invalid UTF-8 byte or sequence at line 60 replaced by U+FFFD.
Invalid UTF-8 byte or sequence at line 60 replaced by U+FFFD.
Invalid UTF-8 byte or sequence at line 60 replaced by U+FFFD.
Invalid UTF-8 byte or sequence at line 60 replaced by U+FFFD.
Invalid UTF-8 byte or sequence at line 60 replaced by U+FFFD.
Invalid UTF-8 byte or sequence at line 60 replaced by U+FFFD.
Invalid UTF-8 byte or sequence at line 60 replaced by U+FFFD.
Invalid UTF-8 byte or sequence at line 60 replaced by U+FFFD.
Invalid UTF-8 byte or sequence at line 60 replaced by U+FFFD.
Invalid UTF-8 byte or sequence at line 60 replaced by U+FFFD.
Invalid UTF-8 byte or sequence at line 60 replaced by U+FFFD.
Invalid UTF-8 byte or sequence at line 60 replaced by U+FFFD.
Invalid UTF-8 byte or sequence at line 60 replaced by U+FFFD.
Invalid UTF-8 byte or sequence at line 60 replaced by U+FFFD.
Invalid UTF-8 byte or sequence at line 60 replaced by U+FFFD.
Invalid UTF-8 byte or sequence at line 60 replaced by U+FFFD.
Invalid UTF-8 byte or sequence at line 60 replaced by U+FFFD.
Invalid UTF-8 byte or sequence at line 60 replaced by U+FFFD.
Invalid UTF-8 byte or sequence at line 60 replaced by U+FFFD.
Invalid UTF-8 byte or sequence at line 60 replaced by U+FFFD.
Invalid UTF-8 byte or sequence at line 60 replaced by U+FFFD.
Invalid UTF-8 byte or sequence at line 60 replaced by U+FFFD.
Invalid UTF-8 byte or sequence at line 60 replaced by U+FFFD.
Invalid UTF-8 byte or sequence at line 60 replaced by U+FFFD.
Invalid UTF-8 byte or sequence at line 60 replaced by U+FFFD.
Invalid UTF-8 byte or sequence at line 60 replaced by U+FFFD.
Invalid UTF-8 byte or sequence at line 60 replaced by U+FFFD.
Invalid UTF-8 byte or sequence at line 60 replaced by U+FFFD.
Invalid UTF-8 byte or sequence at line 60 replaced by U+FFFD.
Invalid UTF-8 byte or sequence at line 60 replaced by U+FFFD.
Invalid UTF-8 byte or sequence at line 60 replaced by U+FFFD.
Invalid UTF-8 byte or sequence at line 60 replaced by U+FFFD.
Invalid UTF-8 byte or sequence at line 60 replaced by U+FFFD.
Invalid UTF-8 byte or sequence at line 60 replaced by U+FFFD.
Invalid UTF-8 byte or sequence at line 60 replaced by U+FFFD.
Invalid UTF-8 byte or sequence at line 60 replaced by U+FFFD.
Invalid UTF-8 byte or sequence at line 60 replaced by U+FFFD.
Invalid UTF-8 byte or sequence at line 60 replaced by U+FFFD.
Invalid UTF-8 byte or sequence at line 60 replaced by U+FFFD.
Invalid UTF-8 byte or sequence at line 60 replaced by U+FFFD.
Invalid UTF-8 byte or sequence at line 60 replaced by U+FFFD.
Invalid UTF-8 byte or sequence at line 60 replaced by U+FFFD.
Invalid UTF-8 byte or sequence at line 60 replaced by U+FFFD.
Invalid UTF-8 byte or sequence at line 60 replaced by U+FFFD.
Invalid UTF-8 byte or sequence at line 60 replaced by U+FFFD.
Invalid UTF-8 byte or sequence at line 60 replaced by U+FFFD.
Invalid UTF-8 byte or sequence at line 60 replaced by U+FFFD.
Invalid UTF-8 byte or sequence at line 60 replaced by U+FFFD.
Invalid UTF-8 byte or sequence at line 60 replaced by U+FFFD.
Invalid UTF-8 byte or sequence at line 60 replaced by U+FFFD.
Invalid UTF-8 byte or sequence at line 60 replaced by U+FFFD.
Invalid UTF-8 byte or sequence at line 60 replaced by U+FFFD.
Invalid UTF-8 byte or sequence at line 60 replaced by U+FFFD.
Invalid UTF-8 byte or sequence at line 60 replaced by U+FFFD.
Invalid UTF-8 byte or sequence at line 60 replaced by U+FFFD.
Invalid UTF-8 byte or sequence at line 60 replaced by U+FFFD.
Invalid UTF-8 byte or sequence at line 60 replaced by U+FFFD.
Invalid UTF-8 byte or sequence at line 60 replaced by U+FFFD.
Invalid UTF-8 byte or sequence at line 60 replaced by U+FFFD.
Invalid UTF-8 byte or sequence at line 60 replaced by U+FFFD.
Invalid UTF-8 byte or sequence at line 60 replaced by U+FFFD.
Invalid UTF-8 byte or sequence at line 60 replaced by U+FFFD.
Invalid UTF-8 byte or sequence at line 60 replaced by U+FFFD.
Invalid UTF-8 byte or sequence at line 60 replaced by U+FFFD.
Invalid UTF-8 byte or sequence at line 60 replaced by U+FFFD.
Invalid UTF-8 byte or sequence at line 60 replaced by U+FFFD.
Invalid UTF-8 byte or sequence at line 60 replaced by U+FFFD.
Invalid UTF-8 byte or sequence at line 60 replaced by U+FFFD.
Invalid UTF-8 byte or sequence at line 60 replaced by U+FFFD.
Invalid UTF-8 byte or sequence at line 60 replaced by U+FFFD.
Invalid UTF-8 byte or sequence at line 60 replaced by U+FFFD.
Invalid UTF-8 byte or sequence at line 60 replaced by U+FFFD.
Invalid UTF-8 byte or sequence at line 60 replaced by U+FFFD.
Invalid UTF-8 byte or sequence at line 60 replaced by U+FFFD.
Invalid UTF-8 byte or sequence at line 60 replaced by U+FFFD.
Invalid UTF-8 byte or sequence at line 60 replaced by U+FFFD.
Invalid UTF-8 byte or sequence at line 60 replaced by U+FFFD.
Invalid UTF-8 byte or sequence at line 60 replaced by U+FFFD.
Invalid UTF-8 byte or sequence at line 60 replaced by U+FFFD.
Invalid UTF-8 byte or sequence at line 60 replaced by U+FFFD.
Invalid UTF-8 byte or sequence at line 60 replaced by U+FFFD.
Invalid UTF-8 byte or sequence at line 60 replaced by U+FFFD.
Invalid UTF-8 byte or sequence at line 60 replaced by U+FFFD.
Invalid UTF-8 byte or sequence at line 60 replaced by U+FFFD.
Invalid UTF-8 byte or sequence at line 60 replaced by U+FFFD.
Invalid UTF-8 byte or sequence at line 60 replaced by U+FFFD.
Invalid UTF-8 byte or sequence at line 60 replaced by U+FFFD.
Invalid UTF-8 byte or sequence at line 60 replaced by U+FFFD.
Invalid UTF-8 byte or sequence at line 60 replaced by U+FFFD.
Invalid UTF-8 byte or sequence at line 60 replaced by U+FFFD.
Invalid UTF-8 byte or sequence at line 60 replaced by U+FFFD.
Invalid UTF-8 byte or sequence at line 60 replaced by U+FFFD.
Invalid UTF-8 byte or sequence at line 60 replaced by U+FFFD.
Invalid UTF-8 byte or sequence at line 60 replaced by U+FFFD.
Invalid UTF-8 byte or sequence at line 60 replaced by U+FFFD.
Invalid UTF-8 byte or sequence at line 60 replaced by U+FFFD.
Invalid UTF-8 byte or sequence at line 60 replaced by U+FFFD.
Invalid UTF-8 byte or sequence at line 60 replaced by U+FFFD.
Invalid UTF-8 byte or sequence at line 60 replaced by U+FFFD.
Invalid UTF-8 byte or sequence at line 60 replaced by U+FFFD.
Invalid UTF-8 byte or sequence at line 60 replaced by U+FFFD.
Invalid UTF-8 byte or sequence at line 60 replaced by U+FFFD.
Invalid UTF-8 byte or sequence at line 60 replaced by U+FFFD.
Invalid UTF-8 byte or sequence at line 60 replaced by U+FFFD.
Invalid UTF-8 byte or sequence at line 60 replaced by U+FFFD.
Invalid UTF-8 byte or sequence at line 60 replaced by U+FFFD.
Invalid UTF-8 byte or sequence at line 60 replaced by U+FFFD.
Invalid UTF-8 byte or sequence at line 60 replaced by U+FFFD.
Invalid UTF-8 byte or sequence at line 60 replaced by U+FFFD.
Invalid UTF-8 byte or sequence at line 60 replaced by U+FFFD.
Invalid UTF-8 byte or sequence at line 60 replaced by U+FFFD.
Invalid UTF-8 byte or sequence at line 60 replaced by U+FFFD.
Invalid UTF-8 byte or sequence at line 60 replaced by U+FFFD.
Invalid UTF-8 byte or sequence at line 60 replaced by U+FFFD.
Invalid UTF-8 byte or sequence at line 60 replaced by U+FFFD.
Invalid UTF-8 byte or sequence at line 60 replaced by U+FFFD.
Invalid UTF-8 byte or sequence at line 60 replaced by U+FFFD.
Invalid UTF-8 byte or sequence at line 60 replaced by U+FFFD.
Invalid UTF-8 byte or sequence at line 60 replaced by U+FFFD.
Invalid UTF-8 byte or sequence at line 60 replaced by U+FFFD.
Invalid UTF-8 byte or sequence at line 60 replaced by U+FFFD.
Invalid UTF-8 byte or sequence at line 60 replaced by U+FFFD.
Invalid UTF-8 byte or sequence at line 60 replaced by U+FFFD.
Invalid UTF-8 byte or sequence at line 60 replaced by U+FFFD.
Invalid UTF-8 byte or sequence at line 60 replaced by U+FFFD.
Invalid UTF-8 byte or sequence at line 60 replaced by U+FFFD.
Invalid UTF-8 byte or sequence at line 60 replaced by U+FFFD.
Invalid UTF-8 byte or sequence at line 60 replaced by U+FFFD.
Invalid UTF-8 byte or sequence at line 60 replaced by U+FFFD.
Invalid UTF-8 byte or sequence at line 60 replaced by U+FFFD.
Invalid UTF-8 byte or sequence at line 60 replaced by U+FFFD.
Invalid UTF-8 byte or sequence at line 60 replaced by U+FFFD.
Invalid UTF-8 byte or sequence at line 60 replaced by U+FFFD.
Invalid UTF-8 byte or sequence at line 60 replaced by U+FFFD.
Invalid UTF-8 byte or sequence at line 60 replaced by U+FFFD.
Invalid UTF-8 byte or sequence at line 60 replaced by U+FFFD.
Invalid UTF-8 byte or sequence at line 60 replaced by U+FFFD.
Invalid UTF-8 byte or sequence at line 60 replaced by U+FFFD.
Invalid UTF-8 byte or sequence at line 60 replaced by U+FFFD.
Invalid UTF-8 byte or sequence at line 60 replaced by U+FFFD.
Invalid UTF-8 byte or sequence at line 60 replaced by U+FFFD.
Invalid UTF-8 byte or sequence at line 60 replaced by U+FFFD.
Invalid UTF-8 byte or sequence at line 60 replaced by U+FFFD.
Invalid UTF-8 byte or sequence at line 60 replaced by U+FFFD.
Invalid UTF-8 byte or sequence at line 60 replaced by U+FFFD.
Invalid UTF-8 byte or sequence at line 60 replaced by U+FFFD.
Invalid UTF-8 byte or sequence at line 60 replaced by U+FFFD.
Invalid UTF-8 byte or sequence at line 60 replaced by U+FFFD.
Invalid UTF-8 byte or sequence at line 60 replaced by U+FFFD.
Invalid UTF-8 byte or sequence at line 60 replaced by U+FFFD.
Invalid UTF-8 byte or sequence at line 60 replaced by U+FFFD.
Invalid UTF-8 byte or sequence at line 60 replaced by U+FFFD.
Invalid UTF-8 byte or sequence at line 60 replaced by U+FFFD.
Invalid UTF-8 byte or sequence at line 60 replaced by U+FFFD.
Invalid UTF-8 byte or sequence at line 60 replaced by U+FFFD.
Invalid UTF-8 byte or sequence at line 60 replaced by U+FFFD.
Invalid UTF-8 byte or sequence at line 60 replaced by U+FFFD.
Invalid UTF-8 byte or sequence at line 60 replaced by U+FFFD.
Invalid UTF-8 byte or sequence at line 60 replaced by U+FFFD.
Invalid UTF-8 byte or sequence at line 60 replaced by U+FFFD.
Invalid UTF-8 byte or sequence at line 60 replaced by U+FFFD.
Invalid UTF-8 byte or sequence at line 60 replaced by U+FFFD.
Invalid UTF-8 byte or sequence at line 60 replaced by U+FFFD.
Invalid UTF-8 byte or sequence at line 60 replaced by U+FFFD.
Invalid UTF-8 byte or sequence at line 60 replaced by U+FFFD.
Invalid UTF-8 byte or sequence at line 60 replaced by U+FFFD.
Invalid UTF-8 byte or sequence at line 60 replaced by U+FFFD.
Invalid UTF-8 byte or sequence at line 60 replaced by U+FFFD.
Invalid UTF-8 byte or sequence at line 60 replaced by U+FFFD.
Invalid UTF-8 byte or sequence at line 60 replaced by U+FFFD.
Invalid UTF-8 byte or sequence at line 60 replaced by U+FFFD.
Invalid UTF-8 byte or sequence at line 60 replaced by U+FFFD.
Invalid UTF-8 byte or sequence at line 60 replaced by U+FFFD.
Invalid UTF-8 byte or sequence at line 60 replaced by U+FFFD.
Invalid UTF-8 byte or sequence at line 60 replaced by U+FFFD.
Invalid UTF-8 byte or sequence at line 60 replaced by U+FFFD.
Invalid UTF-8 byte or sequence at line 60 replaced by U+FFFD.
Invalid UTF-8 byte or sequence at line 60 replaced by U+FFFD.
Invalid UTF-8 byte or sequence at line 60 replaced by U+FFFD.
Invalid UTF-8 byte or sequence at line 60 replaced by U+FFFD.
Invalid UTF-8 byte or sequence at line 60 replaced by U+FFFD.
Invalid UTF-8 byte or sequence at line 60 replaced by U+FFFD.
Invalid UTF-8 byte or sequence at line 60 replaced by U+FFFD.
Invalid UTF-8 byte or sequence at line 60 replaced by U+FFFD.
Invalid UTF-8 byte or sequence at line 60 replaced by U+FFFD.
Invalid UTF-8 byte or sequence at line 60 replaced by U+FFFD.
Invalid UTF-8 byte or sequence at line 60 replaced by U+FFFD.
Invalid UTF-8 byte or sequence at line 60 replaced by U+FFFD.
Invalid UTF-8 byte or sequence at line 60 replaced by U+FFFD.
Invalid UTF-8 byte or sequence at line 60 replaced by U+FFFD.
Invalid UTF-8 byte or sequence at line 60 replaced by U+FFFD.
Invalid UTF-8 byte or sequence at line 60 replaced by U+FFFD.
Invalid UTF-8 byte or sequence at line 60 replaced by U+FFFD.
Invalid UTF-8 byte or sequence at line 60 replaced by U+FFFD.
Invalid UTF-8 byte or sequence at line 60 replaced by U+FFFD.
Invalid UTF-8 byte or sequence at line 60 replaced by U+FFFD.
Invalid UTF-8 byte or sequence at line 60 replaced by U+FFFD.
Invalid UTF-8 byte or sequence at line 60 replaced by U+FFFD.
Invalid UTF-8 byte or sequence at line 60 replaced by U+FFFD.
Invalid UTF-8 byte or sequence at line 60 replaced by U+FFFD.
Invalid UTF-8 byte or sequence at line 60 replaced by U+FFFD.
Invalid UTF-8 byte or sequence at line 60 replaced by U+FFFD.
Invalid UTF-8 byte or sequence at line 60 replaced by U+FFFD.
Invalid UTF-8 byte or sequence at line 60 replaced by U+FFFD.
Invalid UTF-8 byte or sequence at line 60 replaced by U+FFFD.
Invalid UTF-8 byte or sequence at line 60 replaced by U+FFFD.
Invalid UTF-8 byte or sequence at line 60 replaced by U+FFFD.
Invalid UTF-8 byte or sequence at line 60 replaced by U+FFFD.
Invalid UTF-8 byte or sequence at line 60 replaced by U+FFFD.
Invalid UTF-8 byte or sequence at line 60 replaced by U+FFFD.
Invalid UTF-8 byte or sequence at line 60 replaced by U+FFFD.
Invalid UTF-8 byte or sequence at line 60 replaced by U+FFFD.
Invalid UTF-8 byte or sequence at line 60 replaced by U+FFFD.
Invalid UTF-8 byte or sequence at line 60 replaced by U+FFFD.
Invalid UTF-8 byte or sequence at line 60 replaced by U+FFFD.
Invalid UTF-8 byte or sequence at line 60 replaced by U+FFFD.
Invalid UTF-8 byte or sequence at line 60 replaced by U+FFFD.
Invalid UTF-8 byte or sequence at line 60 replaced by U+FFFD.
Invalid UTF-8 byte or sequence at line 60 replaced by U+FFFD.
Invalid UTF-8 byte or sequence at line 60 replaced by U+FFFD.
Invalid UTF-8 byte or sequence at line 60 replaced by U+FFFD.
Invalid UTF-8 byte or sequence at line 60 replaced by U+FFFD.
Invalid UTF-8 byte or sequence at line 60 replaced by U+FFFD.
Invalid UTF-8 byte or sequence at line 60 replaced by U+FFFD.
Invalid UTF-8 byte or sequence at line 60 replaced by U+FFFD.
Invalid UTF-8 byte or sequence at line 60 replaced by U+FFFD.
Invalid UTF-8 byte or sequence at line 60 replaced by U+FFFD.
Invalid UTF-8 byte or sequence at line 60 replaced by U+FFFD.
Invalid UTF-8 byte or sequence at line 60 replaced by U+FFFD.
Invalid UTF-8 byte or sequence at line 60 replaced by U+FFFD.
Invalid UTF-8 byte or sequence at line 60 replaced by U+FFFD.
Invalid UTF-8 byte or sequence at line 60 replaced by U+FFFD.
Invalid UTF-8 byte or sequence at line 60 replaced by U+FFFD.
Invalid UTF-8 byte or sequence at line 60 replaced by U+FFFD.
Invalid UTF-8 byte or sequence at line 60 replaced by U+FFFD.
Invalid UTF-8 byte or sequence at line 60 replaced by U+FFFD.
Invalid UTF-8 byte or sequence at line 60 replaced by U+FFFD.
Invalid UTF-8 byte or sequence at line 60 replaced by U+FFFD.
Invalid UTF-8 byte or sequence at line 60 replaced by U+FFFD.
Invalid UTF-8 byte or sequence at line 60 replaced by U+FFFD.
Invalid UTF-8 byte or sequence at line 60 replaced by U+FFFD.
Invalid UTF-8 byte or sequence at line 60 replaced by U+FFFD.
Invalid UTF-8 byte or sequence at line 60 replaced by U+FFFD.
Invalid UTF-8 byte or sequence at line 60 replaced by U+FFFD.
Invalid UTF-8 byte or sequence at line 60 replaced by U+FFFD.
Invalid UTF-8 byte or sequence at line 60 replaced by U+FFFD.
Invalid UTF-8 byte or sequence at line 60 replaced by U+FFFD.
Invalid UTF-8 byte or sequence at line 60 replaced by U+FFFD.
Invalid UTF-8 byte or sequence at line 60 replaced by U+FFFD.
Invalid UTF-8 byte or sequence at line 60 replaced by U+FFFD.
Invalid UTF-8 byte or sequence at line 60 replaced by U+FFFD.
Invalid UTF-8 byte or sequence at line 60 replaced by U+FFFD.
Invalid UTF-8 byte or sequence at line 60 replaced by U+FFFD.
Invalid UTF-8 byte or sequence at line 60 replaced by U+FFFD.
Invalid UTF-8 byte or sequence at line 60 replaced by U+FFFD.
Invalid UTF-8 byte or sequence at line 60 replaced by U+FFFD.
Invalid UTF-8 byte or sequence at line 60 replaced by U+FFFD.
Invalid UTF-8 byte or sequence at line 60 replaced by U+FFFD.
Invalid UTF-8 byte or sequence at line 60 replaced by U+FFFD.
Invalid UTF-8 byte or sequence at line 60 replaced by U+FFFD.
Invalid UTF-8 byte or sequence at line 60 replaced by U+FFFD.
Invalid UTF-8 byte or sequence at line 60 replaced by U+FFFD.
Invalid UTF-8 byte or sequence at line 60 replaced by U+FFFD.
Invalid UTF-8 byte or sequence at line 60 replaced by U+FFFD.
Invalid UTF-8 byte or sequence at line 60 replaced by U+FFFD.
Invalid UTF-8 byte or sequence at line 60 replaced by U+FFFD.
Invalid UTF-8 byte or sequence at line 60 replaced by U+FFFD.
Invalid UTF-8 byte or sequence at line 60 replaced by U+FFFD.
Invalid UTF-8 byte or sequence at line 60 replaced by U+FFFD.
Invalid UTF-8 byte or sequence at line 60 replaced by U+FFFD.
Invalid UTF-8 byte or sequence at line 60 replaced by U+FFFD.
Invalid UTF-8 byte or sequence at line 60 replaced by U+FFFD.
Invalid UTF-8 byte or sequence at line 60 replaced by U+FFFD.
Invalid UTF-8 byte or sequence at line 60 replaced by U+FFFD.
Invalid UTF-8 byte or sequence at line 60 replaced by U+FFFD.
Invalid UTF-8 byte or sequence at line 60 replaced by U+FFFD.
Invalid UTF-8 byte or sequence at line 60 replaced by U+FFFD.
Invalid UTF-8 byte or sequence at line 60 replaced by U+FFFD.
Invalid UTF-8 byte or sequence at line 60 replaced by U+FFFD.
Invalid UTF-8 byte or sequence at line 60 replaced by U+FFFD.
Invalid UTF-8 byte or sequence at line 60 replaced by U+FFFD.
Invalid UTF-8 byte or sequence at line 60 replaced by U+FFFD.
Invalid UTF-8 byte or sequence at line 60 replaced by U+FFFD.
Invalid UTF-8 byte or sequence at line 60 replaced by U+FFFD.
Invalid UTF-8 byte or sequence at line 60 replaced by U+FFFD.
Invalid UTF-8 byte or sequence at line 60 replaced by U+FFFD.
Invalid UTF-8 byte or sequence at line 60 replaced by U+FFFD.
Invalid UTF-8 byte or sequence at line 60 replaced by U+FFFD.
Invalid UTF-8 byte or sequence at line 60 replaced by U+FFFD.
Invalid UTF-8 byte or sequence at line 60 replaced by U+FFFD.
Invalid UTF-8 byte or sequence at line 60 replaced by U+FFFD.
Invalid UTF-8 byte or sequence at line 60 replaced by U+FFFD.
Invalid UTF-8 byte or sequence at line 60 replaced by U+FFFD.
Invalid UTF-8 byte or sequence at line 60 replaced by U+FFFD.
Invalid UTF-8 byte or sequence at line 60 replaced by U+FFFD.
Invalid UTF-8 byte or sequence at line 60 replaced by U+FFFD.
Invalid UTF-8 byte or sequence at line 60 replaced by U+FFFD.
Invalid UTF-8 byte or sequence at line 60 replaced by U+FFFD.
Invalid UTF-8 byte or sequence at line 60 replaced by U+FFFD.
Invalid UTF-8 byte or sequence at line 60 replaced by U+FFFD.
Invalid UTF-8 byte or sequence at line 60 replaced by U+FFFD.
Invalid UTF-8 byte or sequence at line 60 replaced by U+FFFD.
Invalid UTF-8 byte or sequence at line 60 replaced by U+FFFD.
Invalid UTF-8 byte or sequence at line 60 replaced by U+FFFD.
Invalid UTF-8 byte or sequence at line 60 replaced by U+FFFD.
Invalid UTF-8 byte or sequence at line 60 replaced by U+FFFD.
Invalid UTF-8 byte or sequence at line 60 replaced by U+FFFD.
Invalid UTF-8 byte or sequence at line 60 replaced by U+FFFD.
Invalid UTF-8 byte or sequence at line 60 replaced by U+FFFD.
Invalid UTF-8 byte or sequence at line 60 replaced by U+FFFD.
Invalid UTF-8 byte or sequence at line 60 replaced by U+FFFD.
Invalid UTF-8 byte or sequence at line 60 replaced by U+FFFD.
Invalid UTF-8 byte or sequence at line 60 replaced by U+FFFD.
Invalid UTF-8 byte or sequence at line 60 replaced by U+FFFD.
Invalid UTF-8 byte or sequence at line 60 replaced by U+FFFD.
Invalid UTF-8 byte or sequence at line 60 replaced by U+FFFD.
Invalid UTF-8 byte or sequence at line 60 replaced by U+FFFD.
Invalid UTF-8 byte or sequence at line 60 replaced by U+FFFD.
Invalid UTF-8 byte or sequence at line 60 replaced by U+FFFD.
Invalid UTF-8 byte or sequence at line 60 replaced by U+FFFD.
Invalid UTF-8 byte or sequence at line 60 replaced by U+FFFD.
Invalid UTF-8 byte or sequence at line 60 replaced by U+FFFD.
Invalid UTF-8 byte or sequence at line 60 replaced by U+FFFD.
Invalid UTF-8 byte or sequence at line 60 replaced by U+FFFD.
Invalid UTF-8 byte or sequence at line 60 replaced by U+FFFD.
Invalid UTF-8 byte or sequence at line 60 replaced by U+FFFD.
Invalid UTF-8 byte or sequence at line 60 replaced by U+FFFD.
Invalid UTF-8 byte or sequence at line 60 replaced by U+FFFD.
Invalid UTF-8 byte or sequence at line 60 replaced by U+FFFD.
Invalid UTF-8 byte or sequence at line 60 replaced by U+FFFD.
Invalid UTF-8 byte or sequence at line 60 replaced by U+FFFD.
Invalid UTF-8 byte or sequence at line 60 replaced by U+FFFD.
Invalid UTF-8 byte or sequence at line 60 replaced by U+FFFD.
Invalid UTF-8 byte or sequence at line 60 replaced by U+FFFD.
Invalid UTF-8 byte or sequence at line 60 replaced by U+FFFD.
Invalid UTF-8 byte or sequence at line 60 replaced by U+FFFD.
Invalid UTF-8 byte or sequence at line 60 replaced by U+FFFD.
Invalid UTF-8 byte or sequence at line 60 replaced by U+FFFD.
Invalid UTF-8 byte or sequence at line 60 replaced by U+FFFD.
Invalid UTF-8 byte or sequence at line 60 replaced by U+FFFD.
Invalid UTF-8 byte or sequence at line 60 replaced by U+FFFD.
Invalid UTF-8 byte or sequence at line 60 replaced by U+FFFD.
Invalid UTF-8 byte or sequence at line 60 replaced by U+FFFD.
Invalid UTF-8 byte or sequence at line 60 replaced by U+FFFD.
Invalid UTF-8 byte or sequence at line 60 replaced by U+FFFD.
Invalid UTF-8 byte or sequence at line 60 replaced by U+FFFD.
Invalid UTF-8 byte or sequence at line 60 replaced by U+FFFD.
Invalid UTF-8 byte or sequence at line 60 replaced by U+FFFD.
Invalid UTF-8 byte or sequence at line 60 replaced by U+FFFD.
Invalid UTF-8 byte or sequence at line 60 replaced by U+FFFD.
Invalid UTF-8 byte or sequence at line 60 replaced by U+FFFD.
Invalid UTF-8 byte or sequence at line 60 replaced by U+FFFD.
Invalid UTF-8 byte or sequence at line 60 replaced by U+FFFD.
Invalid UTF-8 byte or sequence at line 60 replaced by U+FFFD.
Invalid UTF-8 byte or sequence at line 60 replaced by U+FFFD.
Invalid UTF-8 byte or sequence at line 60 replaced by U+FFFD.
Invalid UTF-8 byte or sequence at line 60 replaced by U+FFFD.
Invalid UTF-8 byte or sequence at line 60 replaced by U+FFFD.
Invalid UTF-8 byte or sequence at line 60 replaced by U+FFFD.
Invalid UTF-8 byte or sequence at line 60 replaced by U+FFFD.
Invalid UTF-8 byte or sequence at line 60 replaced by U+FFFD.
Invalid UTF-8 byte or sequence at line 60 replaced by U+FFFD.
Invalid UTF-8 byte or sequence at line 60 replaced by U+FFFD.
Invalid UTF-8 byte or sequence at line 60 replaced by U+FFFD.
Invalid UTF-8 byte or sequence at line 60 replaced by U+FFFD.
Invalid UTF-8 byte or sequence at line 60 replaced by U+FFFD.
Invalid UTF-8 byte or sequence at line 60 replaced by U+FFFD.
Invalid UTF-8 byte or sequence at line 60 replaced by U+FFFD.
Invalid UTF-8 byte or sequence at line 60 replaced by U+FFFD.
Invalid UTF-8 byte or sequence at line 60 replaced by U+FFFD.
Invalid UTF-8 byte or sequence at line 60 replaced by U+FFFD.
Invalid UTF-8 byte or sequence at line 60 replaced by U+FFFD.
Invalid UTF-8 byte or sequence at line 60 replaced by U+FFFD.
Invalid UTF-8 byte or sequence at line 60 replaced by U+FFFD.
Invalid UTF-8 byte or sequence at line 60 replaced by U+FFFD.
Invalid UTF-8 byte or sequence at line 60 replaced by U+FFFD.
Invalid UTF-8 byte or sequence at line 60 replaced by U+FFFD.
Invalid UTF-8 byte or sequence at line 60 replaced by U+FFFD.
Invalid UTF-8 byte or sequence at line 60 replaced by U+FFFD.
Invalid UTF-8 byte or sequence at line 60 replaced by U+FFFD.
Invalid UTF-8 byte or sequence at line 60 replaced by U+FFFD.
Invalid UTF-8 byte or sequence at line 60 replaced by U+FFFD.
Invalid UTF-8 byte or sequence at line 60 replaced by U+FFFD.
Invalid UTF-8 byte or sequence at line 60 replaced by U+FFFD.
Invalid UTF-8 byte or sequence at line 60 replaced by U+FFFD.
Invalid UTF-8 byte or sequence at line 60 replaced by U+FFFD.
Invalid UTF-8 byte or sequence at line 60 replaced by U+FFFD.
Invalid UTF-8 byte or sequence at line 60 replaced by U+FFFD.
Invalid UTF-8 byte or sequence at line 60 replaced by U+FFFD.
Invalid UTF-8 byte or sequence at line 60 replaced by U+FFFD.
Invalid UTF-8 byte or sequence at line 60 replaced by U+FFFD.
Invalid UTF-8 byte or sequence at line 60 replaced by U+FFFD.
Invalid UTF-8 byte or sequence at line 60 replaced by U+FFFD.
Invalid UTF-8 byte or sequence at line 60 replaced by U+FFFD.
Invalid UTF-8 byte or sequence at line 60 replaced by U+FFFD.
Invalid UTF-8 byte or sequence at line 60 replaced by U+FFFD.
Invalid UTF-8 byte or sequence at line 60 replaced by U+FFFD.
Invalid UTF-8 byte or sequence at line 60 replaced by U+FFFD.
Invalid UTF-8 byte or sequence at line 60 replaced by U+FFFD.
Invalid UTF-8 byte or sequence at line 60 replaced by U+FFFD.
Invalid UTF-8 byte or sequence at line 60 replaced by U+FFFD.
Invalid UTF-8 byte or sequence at line 60 replaced by U+FFFD.
Invalid UTF-8 byte or sequence at line 60 replaced by U+FFFD.
Invalid UTF-8 byte or sequence at line 60 replaced by U+FFFD.
Invalid UTF-8 byte or sequence at line 60 replaced by U+FFFD.
Invalid UTF-8 byte or sequence at line 60 replaced by U+FFFD.
Invalid UTF-8 byte or sequence at line 60 replaced by U+FFFD.
Invalid UTF-8 byte or sequence at line 60 replaced by U+FFFD.
Invalid UTF-8 byte or sequence at line 60 replaced by U+FFFD.
Invalid UTF-8 byte or sequence at line 60 replaced by U+FFFD.
Invalid UTF-8 byte or sequence at line 60 replaced by U+FFFD.
Invalid UTF-8 byte or sequence at line 60 replaced by U+FFFD.
Invalid UTF-8 byte or sequence at line 60 replaced by U+FFFD.
Invalid UTF-8 byte or sequence at line 60 replaced by U+FFFD.
Invalid UTF-8 byte or sequence at line 60 replaced by U+FFFD.
Invalid UTF-8 byte or sequence at line 60 replaced by U+FFFD.
Invalid UTF-8 byte or sequence at line 60 replaced by U+FFFD.
Invalid UTF-8 byte or sequence at line 60 replaced by U+FFFD.
Invalid UTF-8 byte or sequence at line 60 replaced by U+FFFD.
Invalid UTF-8 byte or sequence at line 60 replaced by U+FFFD.
Invalid UTF-8 byte or sequence at line 60 replaced by U+FFFD.
Invalid UTF-8 byte or sequence at line 60 replaced by U+FFFD.
Invalid UTF-8 byte or sequence at line 60 replaced by U+FFFD.
Invalid UTF-8 byte or sequence at line 60 replaced by U+FFFD.
Invalid UTF-8 byte or sequence at line 60 replaced by U+FFFD.
Invalid UTF-8 byte or sequence at line 60 replaced by U+FFFD.
Invalid UTF-8 byte or sequence at line 60 replaced by U+FFFD.
Invalid UTF-8 byte or sequence at line 60 replaced by U+FFFD.
Invalid UTF-8 byte or sequence at line 60 replaced by U+FFFD.
Invalid UTF-8 byte or sequence at line 60 replaced by U+FFFD.
Invalid UTF-8 byte or sequence at line 60 replaced by U+FFFD.
Invalid UTF-8 byte or sequence at line 60 replaced by U+FFFD.
Invalid UTF-8 byte or sequence at line 60 replaced by U+FFFD.
Invalid UTF-8 byte or sequence at line 60 replaced by U+FFFD.
Invalid UTF-8 byte or sequence at line 60 replaced by U+FFFD.
Invalid UTF-8 byte or sequence at line 60 replaced by U+FFFD.
Invalid UTF-8 byte or sequence at line 60 replaced by U+FFFD.
Invalid UTF-8 byte or sequence at line 60 replaced by U+FFFD.
Invalid UTF-8 byte or sequence at line 60 replaced by U+FFFD.
Invalid UTF-8 byte or sequence at line 60 replaced by U+FFFD.
Invalid UTF-8 byte or sequence at line 60 replaced by U+FFFD.
Invalid UTF-8 byte or sequence at line 60 replaced by U+FFFD.
Invalid UTF-8 byte or sequence at line 60 replaced by U+FFFD.
Invalid UTF-8 byte or sequence at line 60 replaced by U+FFFD.
Invalid UTF-8 byte or sequence at line 60 replaced by U+FFFD.
Invalid UTF-8 byte or sequence at line 60 replaced by U+FFFD.
Invalid UTF-8 byte or sequence at line 60 replaced by U+FFFD.
Invalid UTF-8 byte or sequence at line 60 replaced by U+FFFD.
Invalid UTF-8 byte or sequence at line 60 replaced by U+FFFD.
Invalid UTF-8 byte or sequence at line 60 replaced by U+FFFD.
Invalid UTF-8 byte or sequence at line 60 replaced by U+FFFD.
Invalid UTF-8 byte or sequence at line 60 replaced by U+FFFD.
Invalid UTF-8 byte or sequence at line 60 replaced by U+FFFD.
Invalid UTF-8 byte or sequence at line 60 replaced by U+FFFD.
Invalid UTF-8 byte or sequence at line 60 replaced by U+FFFD.
Invalid UTF-8 byte or sequence at line 60 replaced by U+FFFD.
Invalid UTF-8 byte or sequence at line 60 replaced by U+FFFD.
Invalid UTF-8 byte or sequence at line 60 replaced by U+FFFD.
Invalid UTF-8 byte or sequence at line 60 replaced by U+FFFD.
Invalid UTF-8 byte or sequence at line 60 replaced by U+FFFD.
Invalid UTF-8 byte or sequence at line 60 replaced by U+FFFD.
Invalid UTF-8 byte or sequence at line 60 replaced by U+FFFD.
Invalid UTF-8 byte or sequence at line 60 replaced by U+FFFD.
Invalid UTF-8 byte or sequence at line 60 replaced by U+FFFD.
Invalid UTF-8 byte or sequence at line 60 replaced by U+FFFD.
Invalid UTF-8 byte or sequence at line 60 replaced by U+FFFD.
Invalid UTF-8 byte or sequence at line 60 replaced by U+FFFD.
Invalid UTF-8 byte or sequence at line 60 replaced by U+FFFD.
Invalid UTF-8 byte or sequence at line 60 replaced by U+FFFD.
Invalid UTF-8 byte or sequence at line 60 replaced by U+FFFD.
Invalid UTF-8 byte or sequence at line 60 replaced by U+FFFD.
Invalid UTF-8 byte or sequence at line 60 replaced by U+FFFD.
Invalid UTF-8 byte or sequence at line 60 replaced by U+FFFD.
Invalid UTF-8 byte or sequence at line 60 replaced by U+FFFD.
Invalid UTF-8 byte or sequence at line 60 replaced by U+FFFD.
Invalid UTF-8 byte or sequence at line 60 replaced by U+FFFD.
Invalid UTF-8 byte or sequence at line 60 replaced by U+FFFD.
Invalid UTF-8 byte or sequence at line 60 replaced by U+FFFD.
Invalid UTF-8 byte or sequence at line 60 replaced by U+FFFD.
Invalid UTF-8 byte or sequence at line 60 replaced by U+FFFD.
Invalid UTF-8 byte or sequence at line 60 replaced by U+FFFD.
Invalid UTF-8 byte or sequence at line 60 replaced by U+FFFD.
Invalid UTF-8 byte or sequence at line 60 replaced by U+FFFD.
Invalid UTF-8 byte or sequence at line 60 replaced by U+FFFD.
Invalid UTF-8 byte or sequence at line 60 replaced by U+FFFD.
Invalid UTF-8 byte or sequence at line 60 replaced by U+FFFD.
Invalid UTF-8 byte or sequence at line 60 replaced by U+FFFD.
Invalid UTF-8 byte or sequence at line 60 replaced by U+FFFD.
Invalid UTF-8 byte or sequence at line 60 replaced by U+FFFD.
Invalid UTF-8 byte or sequence at line 60 replaced by U+FFFD.
Invalid UTF-8 byte or sequence at line 60 replaced by U+FFFD.
Invalid UTF-8 byte or sequence at line 60 replaced by U+FFFD.
Invalid UTF-8 byte or sequence at line 60 replaced by U+FFFD.
Invalid UTF-8 byte or sequence at line 60 replaced by U+FFFD.
Invalid UTF-8 byte or sequence at line 60 replaced by U+FFFD.
Invalid UTF-8 byte or sequence at line 60 replaced by U+FFFD.
Invalid UTF-8 byte or sequence at line 60 replaced by U+FFFD.
Invalid UTF-8 byte or sequence at line 60 replaced by U+FFFD.
Invalid UTF-8 byte or sequence at line 60 replaced by U+FFFD.
Invalid UTF-8 byte or sequence at line 60 replaced by U+FFFD.
Invalid UTF-8 byte or sequence at line 60 replaced by U+FFFD.
Invalid UTF-8 byte or sequence at line 60 replaced by U+FFFD.
Invalid UTF-8 byte or sequence at line 60 replaced by U+FFFD.
Invalid UTF-8 byte or sequence at line 60 replaced by U+FFFD.
Invalid UTF-8 byte or sequence at line 60 replaced by U+FFFD.
Invalid UTF-8 byte or sequence at line 60 replaced by U+FFFD.
Invalid UTF-8 byte or sequence at line 60 replaced by U+FFFD.
Invalid UTF-8 byte or sequence at line 60 replaced by U+FFFD.
Invalid UTF-8 byte or sequence at line 60 replaced by U+FFFD.
Invalid UTF-8 byte or sequence at line 60 replaced by U+FFFD.
Invalid UTF-8 byte or sequence at line 60 replaced by U+FFFD.
Invalid UTF-8 byte or sequence at line 60 replaced by U+FFFD.
Invalid UTF-8 byte or sequence at line 60 replaced by U+FFFD.
Invalid UTF-8 byte or sequence at line 60 replaced by U+FFFD.
Invalid UTF-8 byte or sequence at line 60 replaced by U+FFFD.
Invalid UTF-8 byte or sequence at line 60 replaced by U+FFFD.
Invalid UTF-8 byte or sequence at line 60 replaced by U+FFFD.
Invalid UTF-8 byte or sequence at line 60 replaced by U+FFFD.
Invalid UTF-8 byte or sequence at line 60 replaced by U+FFFD.
Invalid UTF-8 byte or sequence at line 60 replaced by U+FFFD.
Invalid UTF-8 byte or sequence at line 60 replaced by U+FFFD.
Invalid UTF-8 byte or sequence at line 60 replaced by U+FFFD.
Invalid UTF-8 byte or sequence at line 60 replaced by U+FFFD.
Invalid UTF-8 byte or sequence at line 60 replaced by U+FFFD.
Invalid UTF-8 byte or sequence at line 60 replaced by U+FFFD.
Invalid UTF-8 byte or sequence at line 60 replaced by U+FFFD.
Invalid UTF-8 byte or sequence at line 60 replaced by U+FFFD.
Invalid UTF-8 byte or sequence at line 60 replaced by U+FFFD.
Invalid UTF-8 byte or sequence at line 60 replaced by U+FFFD.
Invalid UTF-8 byte or sequence at line 60 replaced by U+FFFD.
Invalid UTF-8 byte or sequence at line 60 replaced by U+FFFD.
Invalid UTF-8 byte or sequence at line 60 replaced by U+FFFD.
Invalid UTF-8 byte or sequence at line 60 replaced by U+FFFD.
Invalid UTF-8 byte or sequence at line 60 replaced by U+FFFD.
Invalid UTF-8 byte or sequence at line 60 replaced by U+FFFD.
Invalid UTF-8 byte or sequence at line 60 replaced by U+FFFD.
Invalid UTF-8 byte or sequence at line 60 replaced by U+FFFD.
Invalid UTF-8 byte or sequence at line 60 replaced by U+FFFD.
Invalid UTF-8 byte or sequence at line 60 replaced by U+FFFD.
Invalid UTF-8 byte or sequence at line 60 replaced by U+FFFD.
Invalid UTF-8 byte or sequence at line 60 replaced by U+FFFD.
Invalid UTF-8 byte or sequence at line 60 replaced by U+FFFD.
Invalid UTF-8 byte or sequence at line 60 replaced by U+FFFD.
Invalid UTF-8 byte or sequence at line 60 replaced by U+FFFD.
Invalid UTF-8 byte or sequence at line 60 replaced by U+FFFD.
Invalid UTF-8 byte or sequence at line 60 replaced by U+FFFD.
Invalid UTF-8 byte or sequence at line 60 replaced by U+FFFD.
Invalid UTF-8 byte or sequence at line 60 replaced by U+FFFD.
Invalid UTF-8 byte or sequence at line 60 replaced by U+FFFD.
Invalid UTF-8 byte or sequence at line 60 replaced by U+FFFD.
Invalid UTF-8 byte or sequence at line 60 replaced by U+FFFD.
Invalid UTF-8 byte or sequence at line 60 replaced by U+FFFD.
Invalid UTF-8 byte or sequence at line 60 replaced by U+FFFD.
Invalid UTF-8 byte or sequence at line 60 replaced by U+FFFD.
Invalid UTF-8 byte or sequence at line 60 replaced by U+FFFD.
Invalid UTF-8 byte or sequence at line 60 replaced by U+FFFD.
Invalid UTF-8 byte or sequence at line 60 replaced by U+FFFD.
Invalid UTF-8 byte or sequence at line 60 replaced by U+FFFD.
Invalid UTF-8 byte or sequence at line 60 replaced by U+FFFD.
Invalid UTF-8 byte or sequence at line 60 replaced by U+FFFD.
Invalid UTF-8 byte or sequence at line 60 replaced by U+FFFD.
Invalid UTF-8 byte or sequence at line 60 replaced by U+FFFD.
Invalid UTF-8 byte or sequence at line 60 replaced by U+FFFD.
Invalid UTF-8 byte or sequence at line 60 replaced by U+FFFD.
Invalid UTF-8 byte or sequence at line 60 replaced by U+FFFD.
Invalid UTF-8 byte or sequence at line 60 replaced by U+FFFD.
Invalid UTF-8 byte or sequence at line 60 replaced by U+FFFD.
Invalid UTF-8 byte or sequence at line 60 replaced by U+FFFD.
Invalid UTF-8 byte or sequence at line 60 replaced by U+FFFD.
Invalid UTF-8 byte or sequence at line 60 replaced by U+FFFD.
Invalid UTF-8 byte or sequence at line 60 replaced by U+FFFD.
Invalid UTF-8 byte or sequence at line 60 replaced by U+FFFD.
Invalid UTF-8 byte or sequence at line 60 replaced by U+FFFD.
Invalid UTF-8 byte or sequence at line 60 replaced by U+FFFD.
Invalid UTF-8 byte or sequence at line 60 replaced by U+FFFD.
Invalid UTF-8 byte or sequence at line 60 replaced by U+FFFD.
Invalid UTF-8 byte or sequence at line 60 replaced by U+FFFD.
Invalid UTF-8 byte or sequence at line 60 replaced by U+FFFD.
Invalid UTF-8 byte or sequence at line 60 replaced by U+FFFD.
Invalid UTF-8 byte or sequence at line 60 replaced by U+FFFD.
Invalid UTF-8 byte or sequence at line 60 replaced by U+FFFD.
Invalid UTF-8 byte or sequence at line 60 replaced by U+FFFD.
Invalid UTF-8 byte or sequence at line 60 replaced by U+FFFD.
Invalid UTF-8 byte or sequence at line 60 replaced by U+FFFD.
Invalid UTF-8 byte or sequence at line 60 replaced by U+FFFD.
Invalid UTF-8 byte or sequence at line 60 replaced by U+FFFD.
Invalid UTF-8 byte or sequence at line 60 replaced by U+FFFD.
Invalid UTF-8 byte or sequence at line 60 replaced by U+FFFD.
Invalid UTF-8 byte or sequence at line 60 replaced by U+FFFD.
Invalid UTF-8 byte or sequence at line 60 replaced by U+FFFD.
Invalid UTF-8 byte or sequence at line 60 replaced by U+FFFD.
Invalid UTF-8 byte or sequence at line 60 replaced by U+FFFD.
Invalid UTF-8 byte or sequence at line 60 replaced by U+FFFD.
Invalid UTF-8 byte or sequence at line 60 replaced by U+FFFD.
Invalid UTF-8 byte or sequence at line 60 replaced by U+FFFD.
Invalid UTF-8 byte or sequence at line 60 replaced by U+FFFD.
Invalid UTF-8 byte or sequence at line 60 replaced by U+FFFD.
Invalid UTF-8 byte or sequence at line 60 replaced by U+FFFD.
Invalid UTF-8 byte or sequence at line 60 replaced by U+FFFD.
Invalid UTF-8 byte or sequence at line 60 replaced by U+FFFD.
Invalid UTF-8 byte or sequence at line 60 replaced by U+FFFD.
Invalid UTF-8 byte or sequence at line 60 replaced by U+FFFD.
Invalid UTF-8 byte or sequence at line 60 replaced by U+FFFD.
Invalid UTF-8 byte or sequence at line 60 replaced by U+FFFD.
Invalid UTF-8 byte or sequence at line 60 replaced by U+FFFD.
Invalid UTF-8 byte or sequence at line 60 replaced by U+FFFD.
Invalid UTF-8 byte or sequence at line 60 replaced by U+FFFD.
Invalid UTF-8 byte or sequence at line 60 replaced by U+FFFD.
Invalid UTF-8 byte or sequence at line 60 replaced by U+FFFD.
Invalid UTF-8 byte or sequence at line 60 replaced by U+FFFD.
Invalid UTF-8 byte or sequence at line 60 replaced by U+FFFD.
Invalid UTF-8 byte or sequence at line 60 replaced by U+FFFD.
Invalid UTF-8 byte or sequence at line 60 replaced by U+FFFD.
Invalid UTF-8 byte or sequence at line 60 replaced by U+FFFD.
Invalid UTF-8 byte or sequence at line 60 replaced by U+FFFD.
Invalid UTF-8 byte or sequence at line 60 replaced by U+FFFD.
Invalid UTF-8 byte or sequence at line 60 replaced by U+FFFD.
Invalid UTF-8 byte or sequence at line 60 replaced by U+FFFD.
Invalid UTF-8 byte or sequence at line 60 replaced by U+FFFD.
Invalid UTF-8 byte or sequence at line 60 replaced by U+FFFD.
Invalid UTF-8 byte or sequence at line 60 replaced by U+FFFD.
Invalid UTF-8 byte or sequence at line 60 replaced by U+FFFD.
Invalid UTF-8 byte or sequence at line 60 replaced by U+FFFD.
Invalid UTF-8 byte or sequence at line 60 replaced by U+FFFD.
Invalid UTF-8 byte or sequence at line 60 replaced by U+FFFD.
Invalid UTF-8 byte or sequence at line 60 replaced by U+FFFD.
Invalid UTF-8 byte or sequence at line 60 replaced by U+FFFD.
Invalid UTF-8 byte or sequence at line 60 replaced by U+FFFD.
Invalid UTF-8 byte or sequence at line 60 replaced by U+FFFD.
Invalid UTF-8 byte or sequence at line 60 replaced by U+FFFD.
Invalid UTF-8 byte or sequence at line 60 replaced by U+FFFD.
Invalid UTF-8 byte or sequence at line 60 replaced by U+FFFD.
Invalid UTF-8 byte or sequence at line 60 replaced by U+FFFD.
Invalid UTF-8 byte or sequence at line 60 replaced by U+FFFD.
Invalid UTF-8 byte or sequence at line 60 replaced by U+FFFD.
Invalid UTF-8 byte or sequence at line 60 replaced by U+FFFD.
Invalid UTF-8 byte or sequence at line 60 replaced by U+FFFD.
Invalid UTF-8 byte or sequence at line 60 replaced by U+FFFD.
Invalid UTF-8 byte or sequence at line 60 replaced by U+FFFD.
Invalid UTF-8 byte or sequence at line 60 replaced by U+FFFD.
Invalid UTF-8 byte or sequence at line 60 replaced by U+FFFD.
Invalid UTF-8 byte or sequence at line 60 replaced by U+FFFD.
Invalid UTF-8 byte or sequence at line 60 replaced by U+FFFD.
Invalid UTF-8 byte or sequence at line 60 replaced by U+FFFD.
Invalid UTF-8 byte or sequence at line 60 replaced by U+FFFD.
Invalid UTF-8 byte or sequence at line 60 replaced by U+FFFD.
Invalid UTF-8 byte or sequence at line 60 replaced by U+FFFD.
Invalid UTF-8 byte or sequence at line 60 replaced by U+FFFD.
Invalid UTF-8 byte or sequence at line 60 replaced by U+FFFD.
Invalid UTF-8 byte or sequence at line 60 replaced by U+FFFD.
Invalid UTF-8 byte or sequence at line 60 replaced by U+FFFD.
Invalid UTF-8 byte or sequence at line 60 replaced by U+FFFD.
Invalid UTF-8 byte or sequence at line 60 replaced by U+FFFD.
Invalid UTF-8 byte or sequence at line 60 replaced by U+FFFD.
Invalid UTF-8 byte or sequence at line 60 replaced by U+FFFD.
Invalid UTF-8 byte or sequence at line 60 replaced by U+FFFD.
Invalid UTF-8 byte or sequence at line 60 replaced by U+FFFD.
Invalid UTF-8 byte or sequence at line 60 replaced by U+FFFD.
Invalid UTF-8 byte or sequence at line 60 replaced by U+FFFD.
Invalid UTF-8 byte or sequence at line 60 replaced by U+FFFD.
Invalid UTF-8 byte or sequence at line 60 replaced by U+FFFD.
Invalid UTF-8 byte or sequence at line 60 replaced by U+FFFD.
Invalid UTF-8 byte or sequence at line 60 replaced by U+FFFD.
Invalid UTF-8 byte or sequence at line 60 replaced by U+FFFD.
Invalid UTF-8 byte or sequence at line 60 replaced by U+FFFD.
Invalid UTF-8 byte or sequence at line 60 replaced by U+FFFD.
Invalid UTF-8 byte or sequence at line 60 replaced by U+FFFD.
Invalid UTF-8 byte or sequence at line 60 replaced by U+FFFD.
Invalid UTF-8 byte or sequence at line 60 replaced by U+FFFD.
Invalid UTF-8 byte or sequence at line 60 replaced by U+FFFD.
Invalid UTF-8 byte or sequence at line 60 replaced by U+FFFD.
Invalid UTF-8 byte or sequence at line 60 replaced by U+FFFD.
Invalid UTF-8 byte or sequence at line 60 replaced by U+FFFD.
Invalid UTF-8 byte or sequence at line 60 replaced by U+FFFD.
Invalid UTF-8 byte or sequence at line 60 replaced by U+FFFD.
Invalid UTF-8 byte or sequence at line 60 replaced by U+FFFD.
Invalid UTF-8 byte or sequence at line 60 replaced by U+FFFD.
Invalid UTF-8 byte or sequence at line 60 replaced by U+FFFD.
Invalid UTF-8 byte or sequence at line 60 replaced by U+FFFD.
Invalid UTF-8 byte or sequence at line 60 replaced by U+FFFD.
Invalid UTF-8 byte or sequence at line 60 replaced by U+FFFD.
Invalid UTF-8 byte or sequence at line 60 replaced by U+FFFD.
Invalid UTF-8 byte or sequence at line 60 replaced by U+FFFD.
Invalid UTF-8 byte or sequence at line 60 replaced by U+FFFD.
Invalid UTF-8 byte or sequence at line 60 replaced by U+FFFD.
Invalid UTF-8 byte or sequence at line 60 replaced by U+FFFD.
Invalid UTF-8 byte or sequence at line 60 replaced by U+FFFD.
Invalid UTF-8 byte or sequence at line 60 replaced by U+FFFD.
Invalid UTF-8 byte or sequence at line 60 replaced by U+FFFD.
Invalid UTF-8 byte or sequence at line 60 replaced by U+FFFD.
Invalid UTF-8 byte or sequence at line 60 replaced by U+FFFD.
Invalid UTF-8 byte or sequence at line 60 replaced by U+FFFD.
Invalid UTF-8 byte or sequence at line 60 replaced by U+FFFD.
Invalid UTF-8 byte or sequence at line 60 replaced by U+FFFD.
Invalid UTF-8 byte or sequence at line 60 replaced by U+FFFD.
Invalid UTF-8 byte or sequence at line 60 replaced by U+FFFD.
Invalid UTF-8 byte or sequence at line 60 replaced by U+FFFD.
Invalid UTF-8 byte or sequence at line 60 replaced by U+FFFD.
Invalid UTF-8 byte or sequence at line 60 replaced by U+FFFD.
Invalid UTF-8 byte or sequence at line 60 replaced by U+FFFD.
Invalid UTF-8 byte or sequence at line 60 replaced by U+FFFD.
Invalid UTF-8 byte or sequence at line 60 replaced by U+FFFD.
Invalid UTF-8 byte or sequence at line 60 replaced by U+FFFD.
Invalid UTF-8 byte or sequence at line 60 replaced by U+FFFD.
Invalid UTF-8 byte or sequence at line 60 replaced by U+FFFD.
Invalid UTF-8 byte or sequence at line 60 replaced by U+FFFD.
Invalid UTF-8 byte or sequence at line 60 replaced by U+FFFD.
Invalid UTF-8 byte or sequence at line 60 replaced by U+FFFD.
Invalid UTF-8 byte or sequence at line 60 replaced by U+FFFD.
Invalid UTF-8 byte or sequence at line 60 replaced by U+FFFD.
Invalid UTF-8 byte or sequence at line 60 replaced by U+FFFD.
Invalid UTF-8 byte or sequence at line 60 replaced by U+FFFD.
Invalid UTF-8 byte or sequence at line 60 replaced by U+FFFD.
Invalid UTF-8 byte or sequence at line 60 replaced by U+FFFD.
Invalid UTF-8 byte or sequence at line 60 replaced by U+FFFD.
Invalid UTF-8 byte or sequence at line 60 replaced by U+FFFD.
Invalid UTF-8 byte or sequence at line 60 replaced by U+FFFD.
Invalid UTF-8 byte or sequence at line 60 replaced by U+FFFD.
Invalid UTF-8 byte or sequence at line 60 replaced by U+FFFD.
Invalid UTF-8 byte or sequence at line 60 replaced by U+FFFD.
Invalid UTF-8 byte or sequence at line 60 replaced by U+FFFD.
Invalid UTF-8 byte or sequence at line 60 replaced by U+FFFD.
Invalid UTF-8 byte or sequence at line 60 replaced by U+FFFD.
Invalid UTF-8 byte or sequence at line 60 replaced by U+FFFD.
Invalid UTF-8 byte or sequence at line 60 replaced by U+FFFD.
Invalid UTF-8 byte or sequence at line 60 replaced by U+FFFD.
Invalid UTF-8 byte or sequence at line 60 replaced by U+FFFD.
Invalid UTF-8 byte or sequence at line 60 replaced by U+FFFD.
Invalid UTF-8 byte or sequence at line 60 replaced by U+FFFD.
Invalid UTF-8 byte or sequence at line 60 replaced by U+FFFD.
Invalid UTF-8 byte or sequence at line 60 replaced by U+FFFD.
Invalid UTF-8 byte or sequence at line 60 replaced by U+FFFD.
Invalid UTF-8 byte or sequence at line 60 replaced by U+FFFD.
Invalid UTF-8 byte or sequence at line 60 replaced by U+FFFD.
Invalid UTF-8 byte or sequence at line 60 replaced by U+FFFD.
Invalid UTF-8 byte or sequence at line 60 replaced by U+FFFD.
Invalid UTF-8 byte or sequence at line 60 replaced by U+FFFD.
Invalid UTF-8 byte or sequence at line 60 replaced by U+FFFD.
Invalid UTF-8 byte or sequence at line 60 replaced by U+FFFD.
Invalid UTF-8 byte or sequence at line 60 replaced by U+FFFD.
Invalid UTF-8 byte or sequence at line 60 replaced by U+FFFD.
Invalid UTF-8 byte or sequence at line 60 replaced by U+FFFD.
Invalid UTF-8 byte or sequence at line 60 replaced by U+FFFD.
Invalid UTF-8 byte or sequence at line 60 replaced by U+FFFD.
Invalid UTF-8 byte or sequence at line 60 replaced by U+FFFD.
Invalid UTF-8 byte or sequence at line 60 replaced by U+FFFD.
Invalid UTF-8 byte or sequence at line 60 replaced by U+FFFD.
Invalid UTF-8 byte or sequence at line 60 replaced by U+FFFD.
Invalid UTF-8 byte or sequence at line 60 replaced by U+FFFD.
Invalid UTF-8 byte or sequence at line 60 replaced by U+FFFD.
Invalid UTF-8 byte or sequence at line 60 replaced by U+FFFD.
Invalid UTF-8 byte or sequence at line 60 replaced by U+FFFD.
Invalid UTF-8 byte or sequence at line 60 replaced by U+FFFD.
Invalid UTF-8 byte or sequence at line 60 replaced by U+FFFD.
Invalid UTF-8 byte or sequence at line 60 replaced by U+FFFD.
Invalid UTF-8 byte or sequence at line 60 replaced by U+FFFD.
Invalid UTF-8 byte or sequence at line 60 replaced by U+FFFD.
Invalid UTF-8 byte or sequence at line 60 replaced by U+FFFD.
Invalid UTF-8 byte or sequence at line 60 replaced by U+FFFD.
Invalid UTF-8 byte or sequence at line 60 replaced by U+FFFD.
Invalid UTF-8 byte or sequence at line 60 replaced by U+FFFD.
Invalid UTF-8 byte or sequence at line 60 replaced by U+FFFD.
Invalid UTF-8 byte or sequence at line 60 replaced by U+FFFD.
Invalid UTF-8 byte or sequence at line 60 replaced by U+FFFD.
Invalid UTF-8 byte or sequence at line 60 replaced by U+FFFD.
Invalid UTF-8 byte or sequence at line 60 replaced by U+FFFD.
Invalid UTF-8 byte or sequence at line 60 replaced by U+FFFD.
Invalid UTF-8 byte or sequence at line 60 replaced by U+FFFD.
Invalid UTF-8 byte or sequence at line 60 replaced by U+FFFD.
Invalid UTF-8 byte or sequence at line 60 replaced by U+FFFD.
Invalid UTF-8 byte or sequence at line 60 replaced by U+FFFD.
Invalid UTF-8 byte or sequence at line 60 replaced by U+FFFD.
Invalid UTF-8 byte or sequence at line 60 replaced by U+FFFD.
Invalid UTF-8 byte or sequence at line 60 replaced by U+FFFD.
Invalid UTF-8 byte or sequence at line 60 replaced by U+FFFD.
Invalid UTF-8 byte or sequence at line 60 replaced by U+FFFD.
Invalid UTF-8 byte or sequence at line 60 replaced by U+FFFD.
Invalid UTF-8 byte or sequence at line 60 replaced by U+FFFD.
Invalid UTF-8 byte or sequence at line 60 replaced by U+FFFD.
Invalid UTF-8 byte or sequence at line 60 replaced by U+FFFD.
File: ./logo1.eps Graphic file (type eps)
<./logo1.eps>

Underfull \hbox (badness 10000) detected at line 60
[]
 []


Overfull \hbox (8.53581pt too wide) in paragraph at lines 60--60
[][] 
 []

Package microtype Info: Loading generic protrusion settings for font family
(microtype)             `phv' (encoding: TU).
(microtype)             For optimal results, create family-specific settings.
(microtype)             See the microtype manual for details.

LaTeX Font Warning: Font shape `TU/phv/b/n' undefined
(Font)              using `TU/phv/m/n' instead on input line 60.

(/usr/local/texlive/2026/texmf-dist/tex/latex/microtype/mt-cmr.cfg
File: mt-cmr.cfg 2013/05/19 v2.2 microtype config. file: Computer Modern Roman 
(RS)
)
LaTeX Font Info:    Trying to load font information for U+msa on input line 60.

(/usr/local/texlive/2026/texmf-dist/tex/latex/amsfonts/umsa.fd
File: umsa.fd 2013/01/14 v3.01 AMS symbols A
) (/usr/local/texlive/2026/texmf-dist/tex/latex/microtype/mt-msa.cfg
File: mt-msa.cfg 2006/02/04 v1.1 microtype config. file: AMS symbols (a) (RS)
)
LaTeX Font Info:    Trying to load font information for U+msb on input line 60.

(/usr/local/texlive/2026/texmf-dist/tex/latex/amsfonts/umsb.fd
File: umsb.fd 2013/01/14 v3.01 AMS symbols B
) (/usr/local/texlive/2026/texmf-dist/tex/latex/microtype/mt-msb.cfg
File: mt-msb.cfg 2005/06/01 v1.0 microtype config. file: AMS symbols (b) (RS)
)

LaTeX Font Warning: Font shape `TU/phv/m/sl' undefined
(Font)              using `TU/phv/m/n' instead on input line 60.


./myst.tex:60: LaTeX Error: There's no line here to end.

See the LaTeX manual or LaTeX Companion for explanation.
Type  H <return>  for immediate help.
 ...                                              
                                                  
l.60 
     
Your command was ignored.
Type  I <command> <return>  to replace it with another command,
or  <return>  to continue without it.

./myst.tex:60: Undefined control sequence.
<argument> ...e*:\\ }\@correspondance \corrAuthor 
                                                  \\ \corrEmail \par } \vspa...
l.60 
     
The control sequence at the end of the top line
of your error message was never \def'ed. If you have
misspelled it (e.g., `\hobx'), type `I' and the correct
spelling (e.g., `I\hbox'). Otherwise just continue,
and I'll forget about whatever was undefined.


./myst.tex:60: LaTeX Error: There's no line here to end.

See the LaTeX manual or LaTeX Companion for explanation.
Type  H <return>  for immediate help.
 ...                                              
                                                  
l.60 
     
Your command was ignored.
Type  I <command> <return>  to replace it with another command,
or  <return>  to continue without it.

./myst.tex:60: Undefined control sequence.
<recently read> \corrEmail 
                           
l.60 
     
The control sequence at the end of the top line
of your error message was never \def'ed. If you have
misspelled it (e.g., `\hobx'), type `I' and the correct
spelling (e.g., `I\hbox'). Otherwise just continue,
and I'll forget about whatever was undefined.


Underfull \hbox (badness 10000) detected at line 60
[]
 []

[1



]
\openout2 = `myst-intro.aux'.

(./myst-intro.tex

LaTeX Font Warning: Font shape `TU/phv/b/it' undefined
(Font)              using `TU/phv/b/n' instead on input line 3.

LaTeX Font Info:    Calculating math sizes for size <11> on input line 6.

LaTeX Font Warning: Font shape `OT1/cmr/m/n' in size <5.5> not available
(Font)              size <5> substituted on input line 6.


LaTeX Font Warning: Font shape `OML/cmm/m/it' in size <5.5> not available
(Font)              size <5> substituted on input line 6.


LaTeX Font Warning: Font shape `OMS/cmsy/m/n' in size <5.5> not available
(Font)              size <5> substituted on input line 6.


LaTeX Font Warning: Font shape `TU/ptm/m/it' undefined
(Font)              using `TU/ptm/m/n' instead on input line 6.


LaTeX Font Warning: Font shape `TU/ptm/b/n' undefined
(Font)              using `TU/ptm/m/n' instead on input line 12.


LaTeX Font Warning: Font shape `TU/ptm/b/it' undefined
(Font)              using `TU/ptm/b/n' instead on input line 30.

)
Overfull \vbox (3.49998pt too high) has occurred while \output is active []

[2

]
\openout2 = `myst-probspace.aux'.

(./myst-probspace.tex

LaTeX Font Warning: Font shape `TU/ptm/m/sc' undefined
(Font)              using `TU/ptm/m/n' instead on input line 16.


Overfull \hbox (47.24506pt too wide) detected at line 78
\OMS/cmsy/m/n/12 F \OT1/cmr/m/n/12 = [] \OML/cmm/m/it/12 :
 []


Overfull \vbox (3.49998pt too high) has occurred while \output is active []

[3



]
Overfull \vbox (3.49998pt too high) has occurred while \output is active []

[4]
LaTeX Font Info:    Calculating math sizes for size <11.5> on input line 198.

LaTeX Font Warning: Font shape `OT1/cmr/bx/n' in size <11.5> not available
(Font)              size <12> substituted on input line 198.


LaTeX Font Warning: Font shape `OML/cmm/b/it' in size <11.5> not available
(Font)              size <12> substituted on input line 198.


LaTeX Font Warning: Font shape `OMS/cmsy/b/n' in size <11.5> not available
(Font)              size <12> substituted on input line 198.


Package hyperref Warning: Token not allowed in a PDF string (Unicode):
(hyperref)                removing `math shift' on input line 198.


Package hyperref Warning: Token not allowed in a PDF string (Unicode):
(hyperref)                removing `\sigma' on input line 198.


Package hyperref Warning: Token not allowed in a PDF string (Unicode):
(hyperref)                removing `math shift' on input line 198.


Package hyperref Warning: Token not allowed in a PDF string (Unicode):
(hyperref)                removing `math shift' on input line 198.


Package hyperref Warning: Token not allowed in a PDF string (Unicode):
(hyperref)                removing `\sigma' on input line 198.


Package hyperref Warning: Token not allowed in a PDF string (Unicode):
(hyperref)                removing `math shift' on input line 198.


Package hyperref Warning: Token not allowed in a PDF string (Unicode):
(hyperref)                removing `math shift' on input line 214.


Package hyperref Warning: Token not allowed in a PDF string (Unicode):
(hyperref)                removing `\sigma' on input line 214.


Package hyperref Warning: Token not allowed in a PDF string (Unicode):
(hyperref)                removing `math shift' on input line 214.


Underfull \hbox (badness 10000) in paragraph at lines 228--230

 []


Overfull \vbox (3.49998pt too high) has occurred while \output is active []

[5])
Overfull \vbox (3.49998pt too high) has occurred while \output is active []

[6]
No file myst.bbl.

Package caption Warning: Unused \captionsetup[sub] on input line 13.
See the caption package documentation for explanation.

(./myst.aux (./myst-intro.aux) (./myst-probspace.aux))
 ***********
LaTeX2e <2025-11-01>
L3 programming layer <2026-03-20>
 ***********

LaTeX Font Warning: Size substitutions with differences
(Font)              up to 0.5pt have occurred.


LaTeX Font Warning: Some font shapes were not available, defaults substituted.

Package rerunfilecheck Info: File `myst.out' has not changed.
(rerunfilecheck)             Checksum: 3348242BC6580880DC219AF62E13E847;2725.
 ) 
Here is how much of TeX's memory you used:
 15815 strings out of 467992
 256895 string characters out of 5429469
 710883 words of memory out of 5000000
 44442 multiletter control sequences out of 15000+600000
 640297 words of font info for 96 fonts, out of 8000000 for 9000
 1352 hyphenation exceptions out of 8191
 87i,14n,131p,10100b,555s stack positions out of 10000i,1000n,20000p,200000b,200000s

Output written on myst.xdv (6 pages, 74480 bytes).
